order_id,customer_id,order_ts,status,currency,shipping_country,updated_at,promo_code
NC-100354,C0080,2026-09-11T14:36:07Z,paid,eur,US,2026-09-11T16:55:38Z,FREESHIP
NC-100113,C0905,2026-09-04T08:27:08Z,delivered,SGD,SG,2026-09-10T18:06:38Z,FESTIVE15
NC-100434,C0097,14/09/2026 02:29,placed,SGD,SG,2026-09-14T02:29:03Z,FESTIVE15
NC-100161,C0082,2026-09-05T19:55:34Z,paid,GBP,GB,2026-09-05T22:33:48Z,FREESHIP
NC-100391,C0044,12/09/2026 20:39,shipped,EUR,SG,2026-09-13T07:30:14Z,
NC-100424,C0077,2026-09-13T23:28:53+05:30,paid,INR,IN,2026-09-13T20:39:29Z,
NC-100232,C0071,08/09/2026 00:01,paid,USD,US,2026-09-08T00:45:26Z,VIP20
NC-100283,C0058,2026-09-09T17:16:35+05:30,delivered,USD,US,2026-09-13T22:26:37Z,FREESHIP
NC-100380,C0058,2026-09-12T16:08:33Z,shipped,USD,US,2026-09-14T16:01:55Z,FESTIVE15
NC-100338,C0041,2026-09-11T05:56:38Z,shipped,USD,US,2026-09-13T02:28:09Z,
NC-100214,C0058,07/09/2026 14:19,placed,,US,2026-09-07T14:19:07Z,FESTIVE15
NC-100373,C0066,2026-09-12T16:59:51+05:30,paid,INR,IN,2026-09-12T13:41:53Z,FESTIVE15
NC-100224,C0066,2026-09-08T00:25:24+05:30,placed,INR,IN,2026-09-07T18:55:28Z,FESTIVE15
NC-100089,C0032,03/09/2026 17:34,placed,INR,IN,2026-09-03T17:34:11Z,
NC-100386,C0025,2026-09-12T17:24:20Z,paid,GBP,GB,2026-09-12T18:29:46Z,
NC-100381,C0061,2026-09-12T16:11:24Z,placed,EUR,DE,2026-09-12T16:11:40Z,
NC-100053,C0020,2026-09-02T21:16:34+05:30,delivered,GBP,IN,2026-09-06T18:33:41Z,VIP20
NC-100309,C0041,10/09/2026 08:04,delivered,USD,US,2026-09-15T02:08:35Z,VIP20
NC-100238,C0011,2026-09-08T03:55:32Z,placed,,US,2026-09-08T03:55:34Z,
NC-100480,C0024,2026-09-15T18:15:29+05:30,paid,,IN,2026-09-15T15:27:44Z,FREESHIP
NC-100136,C0091,05/09/2026 02:03,delivered,GBP,GB,2026-09-09T09:18:21Z,WELCOME10
NC-100392,C0069,2026-09-12T20:59:13Z,shipped,,US,2026-09-15T03:58:39Z,
NC-100062,C0043,2026-09-02T20:03:59Z,placed,EUR,DE,2026-09-02T20:04:17Z,
NC-100145,C0059,2026-09-05T13:56:45+05:30,delivered,USD,GB,2026-09-11T07:44:54Z,FREESHIP
NC-100290,C0058,2026-09-09T17:22:08Z,shipped,USD,US,2026-09-11T10:51:22Z,VIP20
NC-100113,C0905,2026-09-04T08:27:08Z,paid,SGD,SG,2026-09-04T11:06:38Z,FESTIVE15
NC-100217,C0020,07/09/2026 14:55,placed,INR,IN,2026-09-07T14:55:08Z,FESTIVE15
NC-100109,C0053,2026-09-04T06:05:51Z,placed,INR,IN,2026-09-04T06:06:12Z,WELCOME10
NC-100456,C0040,14/09/2026 16:07,placed,GBP,GB,2026-09-14T16:07:32Z,
NC-100385,C0075,2026-09-12T17:02:21Z,paid,USD,US,2026-09-12T17:56:28Z,WELCOME10
NC-100384,C0130,12/09/2026 16:51,shipped,inr,IN,2026-09-14T13:27:18Z,VIP20
NC-100143,C0071,05/09/2026 05:01,placed,USD,US,2026-09-05T05:01:22Z,FREESHIP
NC-100144,C0079,2026-09-05T05:18:11Z,placed,EUR,DE,2026-09-05T05:18:39Z,WELCOME10
NC-100054,C0055,2026-09-02T15:57:41Z,placed,GBP,GB,2026-09-02T15:58:13Z,
NC-100298,C0027,2026-09-10T06:09:01+05:30,paid,INR,IN,2026-09-10T03:12:19Z,FREESHIP
NC-100294,C0049,09/09/2026 21:47,delivered,GBP,GB,2026-09-13T16:00:03Z,WELCOME10
NC-100173,C0113,2026-09-06T15:21:27+05:30,placed,INR,IN,2026-09-06T09:51:49Z,WELCOME10
NC-100001,C0123,2026-09-01T00:30:49Z,delivered,GBP,SG,2026-09-05T02:03:52Z,VIP20
NC-100079,C0112,03/09/2026 10:21,placed,INR,IN,2026-09-03T10:21:05Z,FREESHIP
NC-100245,C0053,2026-09-08T07:41:29Z,shipped,,IN,2026-09-09T05:59:50Z,VIP20
NC-100091,C0001,03/09/2026 17:49,delivered,INR,IN,2026-09-09T14:46:14Z,
NC-100407,C0104,2026-09-13T13:03:50+05:30,placed,USD,US,2026-09-13T07:34:10Z,
NC-100264,C0027,2026-09-09T05:18:29+05:30,paid,INR,IN,2026-09-09T02:46:41Z,
NC-100075,C0051,2026-09-03T07:40:19Z,placed,EUR,GB,2026-09-03T07:40:39Z,FESTIVE15
NC-100098,C0011,2026-09-04T04:54:13+05:30,delivered,USD,US,2026-09-07T12:53:51Z,FREESHIP
NC-100463,C0066,2026-09-15T09:19:35+05:30,placed,INR,IN,2026-09-15T03:49:46Z,VIP20
NC-100198,C0027,06/09/2026 23:11,paid,INR,IN,2026-09-07T00:14:33Z,
NC-100400,C0079,2026-09-13T07:28:04+05:30,shipped,inr,IN,2026-09-14T12:04:41Z,FREESHIP
NC-100128,C0005,2026-09-04T21:31:48Z,delivered,GBP,GB,2026-09-08T00:19:14Z,
NC-100086,C0003,2026-09-03T21:10:05+05:30,shipped,inr,IN,2026-09-04T18:14:41Z,FREESHIP
NC-100169,C0066,2026-09-06T10:50:52+05:30,paid,INR,IN,2026-09-06T06:47:03Z,WELCOME10
NC-100247,C0030,2026-09-08T08:44:49Z,delivered,SGD,SG,2026-09-14T09:08:19Z,
NC-100406,C0044,2026-09-13T06:51:10Z,placed,SGD,SG,2026-09-13T06:51:44Z,FREESHIP
NC-100366,C0001,2026-09-12T02:33:26Z,placed,INR,IN,2026-09-12T02:33:38Z,
NC-100124,C0091,04/09/2026 19:29,delivered,GBP,GB,2026-09-11T03:43:14Z,WELCOME10
NC-100233,C0003,2026-09-08T06:40:16+05:30,cancelled,INR,IN,2026-09-08T14:10:26Z,VIP20
NC-100128,C0005,2026-09-04T21:31:48Z,placed,GBP,GB,2026-09-04T21:32:14Z,
NC-100228,C0118,2026-09-07T20:59:50Z,paid,GBP,GB,2026-09-07T21:11:24Z,
NC-100125,C0037,2026-09-04T19:49:24Z,placed,,US,2026-09-04T19:49:36Z,FREESHIP
NC-100036,C0079,02/09/2026 03:57,shipped,SGD,SG,2026-09-03T05:17:30Z,FESTIVE15
NC-100364,C0121,2026-09-12T06:47:02+05:30,paid,INR,IN,2026-09-12T02:19:20Z,
NC-100231,C0078,07/09/2026 22:37,delivered,GBP,GB,2026-09-14T15:29:35Z,FREESHIP
NC-100313,C0020,10/09/2026 10:02,paid,INR,IN,2026-09-10T12:12:04Z,FREESHIP
NC-100038,C0020,2026-09-02T12:53:39+05:30,shipped,usd,IN,2026-09-03T15:19:45Z,
NC-100425,C0092,13/09/2026 18:34,paid,USD,US,2026-09-13T19:43:36Z,FESTIVE15
NC-100288,C0037,2026-09-09T16:25:14Z,placed,USD,US,2026-09-09T16:25:21Z,
NC-100074,C0104,2026-09-03T12:11:04+05:30,cancelled,INR,IN,2026-09-03T13:32:38Z,VIP20
NC-100160,C0066,2026-09-05T19:46:53Z,shipped,INR,IN,2026-09-07T05:02:03Z,WELCOME10
NC-100445,C0082,2026-09-14T09:52:19Z,placed,GBP,GB,2026-09-14T09:52:31Z,VIP20
NC-100151,C0079,2026-09-05T20:41:28+05:30,placed,INR,IN,2026-09-05T15:11:54Z,
NC-100162,C0097,2026-09-06T01:41:29+05:30,placed,GBP,IN,2026-09-05T20:11:38Z,WELCOME10
NC-100315,C0060,2026-09-10T11:38:44Z,shipped,USD,US,2026-09-11T10:18:09Z,
NC-100291,C0113,2026-09-09T23:55:31+05:30,paid,INR,IN,2026-09-09T20:02:56Z,FESTIVE15
NC-100176,C0066,2026-09-06T11:15:58Z,delivered,,US,2026-09-11T11:31:18Z,FESTIVE15
NC-100411,C0027,2026-09-13T08:09:24Z,paid,INR,IN,2026-09-13T10:41:47Z,WELCOME10
NC-100116,C0058,04/09/2026 10:00,delivered,USD,US,2026-09-11T07:34:34Z,VIP20
NC-100285,C0005,09/09/2026 13:26,placed,,GB,2026-09-09T13:26:10Z,WELCOME10
NC-100084,C0067,03/09/2026 14:27,delivered,GBP,GB,2026-09-10T23:49:37Z,WELCOME10
NC-100136,C0091,05/09/2026 02:03,placed,GBP,GB,2026-09-05T02:03:21Z,WELCOME10
NC-100104,C0068,2026-09-04T02:13:02Z,paid,GBP,GB,2026-09-04T04:50:04Z,WELCOME10
NC-100251,C0073,2026-09-08T12:36:13Z,delivered,USD,US,2026-09-14T07:15:15Z,
NC-100067,C0011,2026-09-03T00:29:43Z,placed,USD,US,2026-09-03T00:30:11Z,
NC-100222,C0091,07/09/2026 16:23,delivered,GBP,GB,2026-09-14T05:56:40Z,FESTIVE15
NC-100045,C0058,2026-09-02T10:03:55Z,paid,USD,US,2026-09-02T12:59:34Z,VIP20
NC-100145,C0059,2026-09-05T13:56:45+05:30,placed,USD,GB,2026-09-05T08:26:54Z,FREESHIP
NC-100037,C0049,2026-09-02T05:32:52Z,shipped,GBP,GB,2026-09-04T17:05:20Z,WELCOME10
NC-100121,C0094,2026-09-04T21:31:18+05:30,paid,GBP,GB,2026-09-04T16:48:31Z,FREESHIP
NC-100154,C0058,05/09/2026 15:34,paid,USD,US,2026-09-05T17:05:06Z,
NC-100221,C0027,2026-09-07T21:34:28+05:30,shipped,INR,IN,2026-09-10T00:03:34Z,VIP20
NC-100113,C0905,2026-09-04T08:27:08Z,placed,SGD,SG,2026-09-04T08:27:38Z,FESTIVE15
NC-100461,C0027,14/09/2026 19:53,placed,INR,IN,2026-09-14T19:53:18Z,FESTIVE15
NC-100193,C0126,2026-09-07T01:11:12+05:30,paid,inr,IN,2026-09-06T20:15:45Z,FREESHIP
NC-100320,C0090,2026-09-10T20:17:06+05:30,paid,INR,IN,2026-09-10T16:54:23Z,
NC-100350,C0035,2026-09-11T12:18:54Z,paid,INR,IN,2026-09-11T14:14:16Z,WELCOME10
NC-100342,C0089,11/09/2026 07:21,paid,USD,US,2026-09-11T07:24:08Z,FESTIVE15
NC-100365,C0076,2026-09-12T07:51:31+05:30,shipped,INR,IN,2026-09-14T08:44:00Z,VIP20
NC-100224,C0066,2026-09-08T00:25:24+05:30,delivered,INR,IN,2026-09-11T19:09:28Z,FESTIVE15
NC-100328,C0088,2026-09-11T02:44:55+05:30,paid,INR,IN,2026-09-10T23:29:05Z,
NC-100419,C0101,2026-09-13T19:02:49+05:30,placed,,DE,2026-09-13T13:33:19Z,VIP20
NC-100054,C0055,2026-09-02T15:57:41Z,delivered,GBP,GB,2026-09-06T18:52:13Z,
NC-100465,C0027,2026-09-15T10:20:57+05:30,placed,INR,IN,2026-09-15T04:51:32Z,VIP20
NC-100231,C0078,07/09/2026 22:37,shipped,GBP,GB,2026-09-09T16:29:35Z,FREESHIP
NC-100459,C0049,2026-09-14T19:28:00Z,placed,GBP,GB,2026-09-14T19:28:11Z,
NC-100111,C0078,04/09/2026 07:44,delivered,EUR,DE,2026-09-10T15:02:04Z,FESTIVE15
NC-100177,C0102,06/09/2026 11:44,shipped,SGD,SG,2026-09-08T08:29:39Z,VIP20
NC-100235,C0128,2026-09-08T01:21:22Z,delivered,,DE,2026-09-12T20:08:39Z,WELCOME10
NC-100120,C0058,2026-09-04T14:35:55Z,placed,USD,US,2026-09-04T14:36:30Z,WELCOME10
NC-100401,C0066,2026-09-13T08:32:06+05:30,placed,INR,IN,2026-09-13T03:02:41Z,FESTIVE15
NC-100417,C0035,2026-09-13T18:16:30+05:30,paid,INR,IN,2026-09-13T14:32:48Z,
NC-100069,C0052,2026-09-03T06:36:31+05:30,placed,INR,IN,2026-09-03T01:07:08Z,WELCOME10
NC-100218,C0092,07/09/2026 15:03,paid,USD,US,2026-09-07T17:35:22Z,FREESHIP
NC-100114,C0902,04/09/2026 08:42,placed,sgd,SG,2026-09-04T08:42:13Z,FESTIVE15
NC-100174,C0044,06/09/2026 10:27,placed,SGD,SG,2026-09-06T10:27:37Z,WELCOME10
NC-100196,C0066,06/09/2026 21:32,placed,INR,IN,2026-09-06T21:32:15Z,FESTIVE15
NC-100192,C0020,2026-09-06T19:24:47Z,placed,inr,IN,2026-09-06T19:25:22Z,FESTIVE15
NC-100017,C0090,2026-09-01T17:30:17+05:30,paid,INR,IN,2026-09-01T12:21:39Z,
NC-100433,C0079,2026-09-14T07:31:23+05:30,placed,INR,IN,2026-09-14T02:01:58Z,
NC-100232,C0071,08/09/2026 00:01,placed,USD,US,2026-09-08T00:01:26Z,VIP20
NC-100434,C0097,14/09/2026 02:29,paid,SGD,SG,2026-09-14T02:44:03Z,FESTIVE15
NC-100312,C0035,2026-09-10T15:17:03+05:30,delivered,INR,IN,2026-09-15T00:37:19Z,WELCOME10
NC-100294,C0049,09/09/2026 21:47,placed,GBP,GB,2026-09-09T21:47:03Z,WELCOME10
NC-100226,C0053,2026-09-08T01:39:48+05:30,placed,,IN,2026-09-07T20:09:59Z,FESTIVE15
NC-100078,C0006,2026-09-03T10:17:26Z,delivered,USD,US,2026-09-08T18:08:00Z,VIP20
NC-100053,C0020,2026-09-02T21:16:34+05:30,shipped,GBP,IN,2026-09-03T12:33:41Z,VIP20
NC-100170,C0079,2026-09-06T12:44:38+05:30,placed,INR,IN,2026-09-06T07:15:14Z,FREESHIP
NC-100094,C0079,2026-09-04T02:24:06+05:30,shipped,INR,IN,2026-09-06T06:09:39Z,FESTIVE15
NC-100246,C0044,2026-09-08T08:18:36Z,cancelled,SGD,SG,2026-09-09T04:38:57Z,
NC-100477,C0055,2026-09-15T10:53:14Z,paid,GBP,GB,2026-09-15T12:35:37Z,VIP20
NC-100321,C0080,2026-09-10T21:12:18+05:30,delivered,USD,US,2026-09-14T04:38:31Z,FREESHIP
NC-100255,C0027,08/09/2026 16:08,placed,INR,IN,2026-09-08T16:08:27Z,FESTIVE15
NC-100367,C0087,2026-09-12T02:45:20Z,shipped,USD,US,2026-09-12T20:15:59Z,VIP20
NC-100206,C0124,07/09/2026 05:00,shipped,EUR,DE,2026-09-09T13:09:36Z,FESTIVE15
NC-100188,C0053,2026-09-06T17:23:20Z,placed,EUR,GB,2026-09-06T17:23:54Z,
NC-100463,C0066,2026-09-15T09:19:35+05:30,paid,INR,IN,2026-09-15T05:21:46Z,VIP20
NC-100028,C0003,01/09/2026 21:52,delivered,INR,IN,2026-09-07T06:42:32Z,WELCOME10
NC-100364,C0121,2026-09-12T06:47:02+05:30,shipped,INR,IN,2026-09-12T19:19:20Z,
NC-100398,C0112,2026-09-13T06:15:26+05:30,paid,INR,IN,2026-09-13T01:47:59Z,
NC-100356,C0049,11/09/2026 17:42,shipped,GBP,GB,2026-09-14T06:04:21Z,WELCOME10
NC-100389,C0102,2026-09-12T19:09:56Z,placed,SGD,SG,2026-09-12T19:10:06Z,FREESHIP
NC-100225,C0102,07/09/2026 19:55,paid,SGD,SG,2026-09-07T20:10:22Z,VIP20
NC-100430,C0087,2026-09-14T00:16:11Z,shipped,USD,US,2026-09-14T17:59:31Z,FESTIVE15
NC-100394,C0127,2026-09-12T21:34:19Z,shipped,EUR,DE,2026-09-13T20:32:25Z,
NC-100061,C0041,2026-09-02T19:47:10Z,delivered,USD,US,2026-09-09T19:40:38Z,FREESHIP
NC-100109,C0053,2026-09-04T06:05:51Z,paid,INR,IN,2026-09-04T06:42:12Z,WELCOME10
NC-100476,C0091,2026-09-15T10:48:36Z,paid,GBP,GB,2026-09-15T11:55:44Z,FESTIVE15
NC-100370,C0903,2026-09-12T09:21:09Z,paid,SGD,SG,2026-09-12T11:51:28Z,VIP20
NC-100396,C0111,12/09/2026 22:47,placed,USD,US,2026-09-12T22:47:15Z,FREESHIP
NC-100112,C0043,04/09/2026 07:46,paid,EUR,DE,2026-09-04T10:16:38Z,VIP20
NC-100153,C0130,05/09/2026 15:19,delivered,INR,IN,2026-09-10T13:16:04Z,
NC-100077,C0071,03/09/2026 09:31,shipped,usd,US,2026-09-04T11:22:28Z,VIP20
NC-100285,C0005,09/09/2026 13:26,delivered,,GB,2026-09-15T08:43:10Z,WELCOME10
NC-100272,C0125,09/09/2026 07:29,shipped,sgd,SG,2026-09-11T09:37:08Z,FESTIVE15
NC-100126,C0121,04/09/2026 19:57,placed,EUR,DE,2026-09-04T19:57:13Z,
NC-100147,C0077,2026-09-05T10:48:53Z,shipped,INR,IN,2026-09-07T16:10:58Z,VIP20
NC-100306,C0091,10/09/2026 07:01,placed,GBP,GB,2026-09-10T07:01:16Z,VIP20
NC-100003,C0026,2026-09-01T01:29:48Z,placed,,IN,2026-09-01T01:29:51Z,WELCOME10
NC-100108,C0008,2026-09-04T05:33:47Z,delivered,EUR,DE,2026-09-11T05:47:20Z,WELCOME10
NC-100050,C0024,2026-09-02T18:06:23+05:30,cancelled,INR,IN,2026-09-03T11:19:42Z,VIP20
NC-100114,C0902,04/09/2026 08:42,paid,sgd,SG,2026-09-04T09:56:13Z,FESTIVE15
NC-100181,C0087,06/09/2026 14:32,delivered,,US,2026-09-12T05:15:24Z,
NC-100269,C0044,2026-09-09T02:41:04Z,shipped,SGD,SG,2026-09-11T00:32:13Z,FESTIVE15
NC-100262,C0119,08/09/2026 22:46,shipped,INR,IN,2026-09-11T02:03:22Z,WELCOME10
NC-100083,C0121,2026-09-03T13:44:36Z,placed,EUR,DE,2026-09-03T13:44:41Z,
NC-100249,C0123,08/09/2026 09:52,shipped,USD,US,2026-09-10T02:03:12Z,
NC-100260,C0081,08/09/2026 21:54,delivered,,DE,2026-09-13T22:30:26Z,VIP20
NC-100002,C0091,2026-09-01T01:21:59Z,placed,GBP,GB,2026-09-01T01:22:09Z,VIP20
NC-100032,C0109,01/09/2026 23:06,placed,INR,IN,2026-09-01T23:06:29Z,FREESHIP
NC-100472,C0057,15/09/2026 09:08,paid,USD,US,2026-09-15T10:53:16Z,VIP20
NC-100130,C0074,04/09/2026 22:00,cancelled,INR,IN,2026-09-05T14:57:30Z,WELCOME10
NC-100233,C0003,2026-09-08T06:40:16+05:30,placed,INR,IN,2026-09-08T01:10:26Z,VIP20
NC-100346,C0082,2026-09-11T10:04:08Z,placed,GBP,GB,2026-09-11T10:04:11Z,
NC-100243,C0027,2026-09-08T11:04:32+05:30,shipped,INR,IN,2026-09-10T09:09:38Z,VIP20
NC-100457,C0079,2026-09-14T23:46:56+05:30,paid,INR,IN,2026-09-14T18:22:32Z,
NC-100302,C0122,10/09/2026 03:33,delivered,INR,IN,2026-09-14T01:01:05Z,
NC-100248,C0020,2026-09-08T14:26:22+05:30,placed,INR,IN,2026-09-08T08:56:53Z,VIP20
NC-100171,C0072,06/09/2026 07:32,delivered,GBP,GB,2026-09-12T18:36:21Z,
NC-100227,C0068,07/09/2026 20:12,delivered,SGD,SG,2026-09-12T04:43:06Z,FESTIVE15
NC-100125,C0037,2026-09-04T19:49:24Z,delivered,,US,2026-09-07T15:13:36Z,FREESHIP
NC-100133,C0079,2026-09-05T05:47:51+05:30,shipped,INR,IN,2026-09-05T15:10:56Z,FESTIVE15
NC-100035,C0066,2026-09-02T09:24:22+05:30,delivered,,IN,2026-09-06T18:37:00Z,VIP20
NC-100134,C0129,05/09/2026 01:06,delivered,USD,US,2026-09-10T02:54:26Z,FESTIVE15
NC-100250,C0019,08/09/2026 11:04,placed,USD,US,2026-09-08T11:04:10Z,
NC-100115,C0011,2026-09-04T09:21:20Z,cancelled,USD,US,2026-09-05T16:25:40Z,
NC-100215,C0126,2026-09-07T19:54:20+05:30,delivered,INR,IN,2026-09-12T18:58:37Z,WELCOME10
NC-100268,C0054,09/09/2026 02:34,delivered,,DE,2026-09-14T22:28:06Z,FREESHIP
NC-100322,C0094,2026-09-10T15:58:27Z,shipped,GBP,GB,2026-09-11T19:25:49Z,WELCOME10
NC-100422,C0022,2026-09-13T22:30:07+05:30,paid,USD,US,2026-09-13T19:04:11Z,
NC-100257,C0098,2026-09-08T22:34:31+05:30,cancelled,INR,IN,2026-09-09T20:42:40Z,
NC-100361,C0074,2026-09-12T02:23:21+05:30,cancelled,INR,IN,2026-09-11T21:53:47Z,WELCOME10
NC-100269,C0044,2026-09-09T02:41:04Z,delivered,SGD,SG,2026-09-14T21:32:13Z,FESTIVE15
NC-100316,C0079,2026-09-10T17:55:01+05:30,delivered,INR,IN,2026-09-15T06:24:39Z,FESTIVE15
NC-100444,C0011,2026-09-14T08:47:30Z,placed,USD,US,2026-09-14T08:47:58Z,FREESHIP
NC-100007,C0069,2026-09-01T06:46:00Z,cancelled,usd,US,2026-09-02T06:46:15Z,
NC-100226,C0053,2026-09-08T01:39:48+05:30,delivered,INR,IN,2026-09-11T12:37:59Z,FESTIVE15
NC-100212,C0037,07/09/2026 11:25,shipped,USD,US,2026-09-09T02:14:22Z,FESTIVE15
NC-100483,C0027,2026-09-15T14:16:25Z,placed,EUR,DE,2026-09-15T14:16:28Z,
NC-100117,C0125,2026-09-04T11:34:52Z,placed,EUR,DE,2026-09-04T11:35:04Z,FESTIVE15
NC-100015,C0904,2026-09-01T16:44:53+05:30,shipped,GBP,GB,2026-09-03T13:25:18Z,
NC-100082,C0020,2026-09-03T18:30:46+05:30,cancelled,INR,IN,2026-09-04T05:40:12Z,
NC-100011,C0091,01/09/2026 09:05,paid,GBP,GB,2026-09-01T11:29:40Z,FREESHIP
NC-100102,C0003,2026-09-04T06:55:01+05:30,placed,INR,IN,2026-09-04T01:25:30Z,
NC-100198,C0027,06/09/2026 23:11,placed,INR,IN,2026-09-06T23:11:33Z,
NC-100338,C0041,2026-09-11T05:56:38Z,delivered,USD,US,2026-09-15T10:28:09Z,
NC-100012,C0020,01/09/2026 09:32,shipped,INR,IN,2026-09-02T19:55:27Z,
NC-100242,C0003,2026-09-08T11:03:08+05:30,delivered,INR,IN,2026-09-14T19:15:18Z,FREESHIP
NC-100040,C0049,2026-09-02T07:45:02Z,placed,GBP,GB,2026-09-02T07:45:13Z,WELCOME10
NC-100343,C0021,11/09/2026 07:25,placed,INR,IN,2026-09-11T07:25:10Z,
NC-100121,C0094,2026-09-04T21:31:18+05:30,shipped,GBP,GB,2026-09-05T01:48:31Z,FREESHIP
NC-100168,C0904,2026-09-06T07:20:17+05:30,shipped,INR,IN,2026-09-08T02:44:54Z,WELCOME10
NC-100236,C0095,2026-09-08T08:12:07+05:30,paid,INR,IN,2026-09-08T04:02:25Z,
NC-100152,C0003,2026-09-05T20:42:54+05:30,placed,INR,IN,2026-09-05T15:13:27Z,VIP20
NC-100133,C0079,2026-09-05T05:47:51+05:30,placed,INR,IN,2026-09-05T00:17:56Z,FESTIVE15
NC-100315,C0060,2026-09-10T11:38:44Z,placed,USD,US,2026-09-10T11:39:09Z,
NC-100166,C0018,2026-09-06T05:58:41+05:30,paid,INR,IN,2026-09-06T00:31:06Z,
NC-100056,C0094,02/09/2026 16:55,paid,usd,US,2026-09-02T18:40:09Z,
NC-100357,C0044,2026-09-11T18:11:36Z,shipped,SGD,SG,2026-09-12T12:43:06Z,FREESHIP
NC-100255,C0027,08/09/2026 16:08,placed,INR,IN,2026-09-08T16:08:27Z,FESTIVE15
NC-100206,C0124,07/09/2026 05:00,delivered,EUR,DE,2026-09-13T05:09:36Z,FESTIVE15
NC-100043,C0091,02/09/2026 09:42,paid,GBP,GB,2026-09-02T12:25:07Z,FESTIVE15
NC-100232,C0071,08/09/2026 00:01,delivered,USD,US,2026-09-14T04:45:26Z,VIP20
NC-100404,C0043,13/09/2026 03:55,placed,EUR,DE,2026-09-13T03:55:02Z,
NC-100046,C0005,2026-09-02T15:48:34+05:30,shipped,GBP,GB,2026-09-03T18:00:59Z,VIP20
NC-100351,C0044,11/09/2026 12:22,shipped,SGD,SG,2026-09-11T21:34:23Z,FREESHIP
NC-100182,C0104,2026-09-06T20:14:37+05:30,placed,INR,IN,2026-09-06T14:44:53Z,FREESHIP
NC-100187,C0091,2026-09-06T22:39:54+05:30,delivered,GBP,GB,2026-09-12T21:32:25Z,VIP20
NC-100177,C0102,06/09/2026 11:44,paid,SGD,SG,2026-09-06T14:29:39Z,VIP20
NC-100426,C0059,2026-09-13T19:11:01Z,paid,GBP,GB,2026-09-13T22:05:29Z,FESTIVE15
NC-100081,C0044,2026-09-03T12:57:29Z,placed,SGD,SG,2026-09-03T12:57:57Z,FREESHIP
NC-100118,C0096,04/09/2026 12:59,paid,GBP,GB,2026-09-04T14:18:39Z,WELCOME10
NC-100198,C0027,06/09/2026 23:11,delivered,INR,IN,2026-09-12T01:14:33Z,
NC-100074,C0104,2026-09-03T12:11:04+05:30,paid,inr,IN,2026-09-03T08:32:38Z,VIP20
NC-100330,C0003,2026-09-11T04:58:34+05:30,placed,INR,IN,2026-09-10T23:28:46Z,WELCOME10
NC-100118,C0096,04/09/2026 12:59,shipped,GBP,GB,2026-09-05T04:18:39Z,WELCOME10
NC-100014,C0003,01/09/2026 10:48,placed,INR,IN,2026-09-01T10:48:05Z,VIP20
NC-100123,C0108,2026-09-04T17:14:08Z,delivered,SGD,SG,2026-09-09T12:44:26Z,
NC-100402,C0058,2026-09-13T03:02:41Z,placed,USD,US,2026-09-13T03:02:56Z,
NC-100446,C0082,2026-09-14T09:55:57Z,placed,,GB,2026-09-14T09:56:02Z,
NC-100191,C0044,2026-09-06T18:41:29Z,paid,SGD,SG,2026-09-06T19:37:35Z,WELCOME10
NC-100108,C0008,2026-09-04T05:33:47Z,paid,EUR,DE,2026-09-04T07:47:20Z,WELCOME10
NC-100165,C0066,05/09/2026 22:45,placed,INR,IN,2026-09-05T22:45:15Z,
NC-100309,C0041,10/09/2026 08:04,placed,USD,US,2026-09-10T08:04:35Z,VIP20
NC-100062,C0043,2026-09-02T20:03:59Z,delivered,EUR,DE,2026-09-08T12:38:17Z,
NC-100179,C0027,2026-09-06T19:33:48+05:30,placed,USD,IN,2026-09-06T14:03:50Z,
NC-100214,C0058,07/09/2026 14:19,paid,USD,US,2026-09-07T16:19:07Z,FESTIVE15
NC-100045,C0058,2026-09-02T10:03:55Z,delivered,USD,US,2026-09-09T23:59:34Z,VIP20
NC-100253,C0119,2026-09-08T18:43:29+05:30,shipped,INR,IN,2026-09-11T00:10:04Z,
NC-100004,C0085,01/09/2026 01:53,placed,INR,IN,2026-09-01T01:53:03Z,
NC-100374,C0091,2026-09-12T14:45:55Z,placed,GBP,GB,2026-09-12T14:46:14Z,VIP20
NC-100138,C0083,2026-09-05T03:17:02Z,placed,SGD,SG,2026-09-05T03:17:36Z,WELCOME10
NC-100271,C0097,2026-09-09T05:25:57Z,cancelled,INR,IN,2026-09-11T01:13:25Z,
NC-100042,C0115,2026-09-02T09:01:42Z,placed,,IN,2026-09-02T09:01:47Z,
NC-100072,C0027,2026-09-03T03:04:24Z,paid,SGD,SG,2026-09-03T03:13:51Z,
NC-100280,C0901,09/09/2026 10:21,placed,USD,US,2026-09-09T10:21:28Z,
NC-100196,C0066,06/09/2026 21:32,cancelled,INR,IN,2026-09-08T19:48:15Z,FESTIVE15
NC-100252,C0027,08/09/2026 12:44,paid,INR,IN,2026-09-08T15:35:02Z,VIP20
NC-100179,C0027,2026-09-06T19:33:48+05:30,shipped,USD,IN,2026-09-07T16:10:50Z,
NC-100178,C0011,06/09/2026 12:02,shipped,usd,US,2026-09-07T15:55:03Z,
NC-100151,C0079,2026-09-05T20:41:28+05:30,delivered,INR,IN,2026-09-09T23:05:54Z,
NC-100098,C0011,2026-09-04T04:54:13+05:30,paid,USD,US,2026-09-03T23:53:51Z,FREESHIP
NC-100465,C0027,2026-09-15T10:20:57+05:30,paid,INR,IN,2026-09-15T07:14:32Z,VIP20
NC-100194,C0043,2026-09-06T20:23:49Z,shipped,EUR,DE,2026-09-07T23:38:07Z,
NC-100023,C0110,01/09/2026 19:34,shipped,USD,GB,2026-09-02T14:40:02Z,WELCOME10
NC-100212,C0037,07/09/2026 11:25,paid,USD,US,2026-09-07T13:14:22Z,FESTIVE15
NC-100080,C0036,03/09/2026 10:57,shipped,SGD,SG,2026-09-05T11:15:33Z,WELCOME10
NC-100451,C0058,2026-09-14T13:32:10Z,shipped,USD,US,2026-09-15T10:31:42Z,FESTIVE15
NC-100469,C0076,2026-09-15T13:27:35+05:30,placed,,IN,2026-09-15T07:57:49Z,VIP20
NC-100088,C0033,2026-09-03T15:55:15Z,paid,USD,US,2026-09-03T17:59:40Z,FREESHIP
NC-100281,C0121,09/09/2026 10:45,shipped,SGD,SG,2026-09-09T19:06:18Z,VIP20
NC-100245,C0053,2026-09-08T07:41:29Z,paid,,IN,2026-09-08T09:59:50Z,VIP20
NC-100284,C0052,2026-09-09T17:16:58+05:30,delivered,INR,IN,2026-09-14T06:09:19Z,
NC-100384,C0130,12/09/2026 16:51,placed,inr,IN,2026-09-12T16:51:18Z,VIP20
NC-100170,C0079,2026-09-06T12:44:38+05:30,cancelled,INR,IN,2026-09-06T20:27:14Z,FREESHIP
NC-100050,C0024,2026-09-02T18:06:23+05:30,placed,INR,IN,2026-09-02T12:36:42Z,VIP20
NC-100440,C0079,2026-09-14T11:57:50+05:30,paid,INR,IN,2026-09-14T08:57:29Z,
NC-100092,C0038,03/09/2026 20:41,paid,USD,US,2026-09-03T21:16:24Z,FREESHIP
NC-100130,C0074,04/09/2026 22:00,placed,INR,IN,2026-09-04T22:00:30Z,WELCOME10
NC-100181,C0087,06/09/2026 14:32,shipped,,US,2026-09-07T01:15:24Z,
NC-100285,C0005,09/09/2026 13:26,shipped,,GB,2026-09-11T01:43:10Z,WELCOME10
NC-100228,C0118,2026-09-07T20:59:50Z,placed,GBP,GB,2026-09-07T21:00:24Z,
NC-100123,C0108,2026-09-04T17:14:08Z,paid,SGD,SG,2026-09-04T18:44:26Z,
NC-100383,C0091,2026-09-12T16:33:24Z,placed,,GB,2026-09-12T16:33:59Z,WELCOME10
NC-100297,C0102,09/09/2026 23:55,delivered,SGD,SG,2026-09-14T05:05:08Z,
NC-100390,C0049,2026-09-12T19:54:11Z,paid,GBP,GB,2026-09-12T22:49:39Z,
NC-100265,C0097,2026-09-09T00:45:50Z,paid,,IN,2026-09-09T00:53:27Z,FREESHIP
NC-100425,C0092,13/09/2026 18:34,shipped,USD,US,2026-09-14T05:43:36Z,FESTIVE15
NC-100128,C0005,2026-09-04T21:31:48Z,paid,GBP,GB,2026-09-04T22:19:14Z,
NC-100355,C0026,2026-09-11T21:49:17+05:30,placed,INR,IN,2026-09-11T16:19:57Z,FREESHIP
NC-100221,C0027,2026-09-07T21:34:28+05:30,delivered,INR,IN,2026-09-12T13:03:34Z,VIP20
NC-100272,C0125,09/09/2026 07:29,placed,sgd,SG,2026-09-09T07:29:08Z,FESTIVE15
NC-100490,C0058,2026-09-15T19:59:04Z,placed,USD,US,2026-09-15T19:59:30Z,VIP20
NC-100194,C0043,2026-09-06T20:23:49Z,placed,EUR,DE,2026-09-06T20:24:07Z,
NC-100001,C0123,2026-09-01T00:30:49Z,paid,GBP,SG,2026-09-01T03:03:52Z,VIP20
NC-100157,C0080,05/09/2026 18:43,placed,USD,US,2026-09-05T18:43:03Z,
NC-100092,C0038,03/09/2026 20:41,placed,USD,US,2026-09-03T20:41:24Z,FREESHIP
NC-100311,C0011,2026-09-10T08:22:12Z,placed,USD,US,2026-09-10T08:22:52Z,WELCOME10
NC-100012,C0020,01/09/2026 09:32,delivered,INR,IN,2026-09-07T20:55:27Z,
NC-100423,C0058,2026-09-13T17:49:37Z,shipped,USD,US,2026-09-15T02:50:46Z,VIP20
NC-100133,C0079,2026-09-05T05:47:51+05:30,paid,INR,IN,2026-09-05T03:10:56Z,FESTIVE15
NC-100414,C0091,2026-09-13T09:32:46Z,paid,GBP,GB,2026-09-13T11:57:05Z,VIP20
NC-100133,C0079,2026-09-05T05:47:51+05:30,delivered,INR,IN,2026-09-09T06:10:56Z,FESTIVE15
NC-100253,C0119,2026-09-08T18:43:29+05:30,delivered,INR,IN,2026-09-15T06:10:04Z,
NC-100336,C0098,2026-09-11T10:41:23+05:30,placed,GBP,IN,2026-09-11T05:11:32Z,FESTIVE15
NC-100142,C0044,2026-09-05T10:27:45+05:30,delivered,SGD,SG,2026-09-09T12:50:02Z,
NC-100186,C0091,06/09/2026 16:56,placed,GBP,GB,2026-09-06T16:56:31Z,FREESHIP
NC-100135,C0067,2026-09-05T02:02:08Z,placed,SGD,SG,2026-09-05T02:02:35Z,WELCOME10
NC-100350,C0035,2026-09-11T12:18:54Z,shipped,INR,IN,2026-09-12T02:14:16Z,WELCOME10
NC-100442,C0091,2026-09-14T12:43:29+05:30,cancelled,GBP,GB,2026-09-14T16:13:59Z,VIP20
NC-100141,C0111,05/09/2026 04:40,paid,USD,US,2026-09-05T07:30:38Z,FESTIVE15
NC-100364,C0121,2026-09-12T06:47:02+05:30,delivered,INR,IN,2026-09-15T04:19:20Z,
NC-100331,C0048,2026-09-11T01:13:39Z,placed,USD,US,2026-09-11T01:13:55Z,
NC-100011,C0091,01/09/2026 09:05,delivered,GBP,GB,2026-09-08T09:29:40Z,FREESHIP
NC-100160,C0066,2026-09-05T19:46:53Z,placed,INR,IN,2026-09-05T19:47:03Z,WELCOME10
NC-100296,C0044,09/09/2026 23:52,shipped,EUR,DE,2026-09-11T12:10:27Z,FREESHIP
NC-100195,C0020,06/09/2026 20:25,placed,INR,IN,2026-09-06T20:25:33Z,
NC-100415,C0091,2026-09-13T09:49:10Z,placed,GBP,GB,2026-09-13T09:49:40Z,VIP20
NC-100178,C0011,06/09/2026 12:02,delivered,usd,US,2026-09-11T20:55:03Z,
NC-100203,C0079,2026-09-07T08:12:28+05:30,shipped,EUR,DE,2026-09-07T21:43:32Z,
NC-100124,C0091,04/09/2026 19:29,paid,GBP,GB,2026-09-04T20:43:14Z,WELCOME10
NC-100236,C0095,2026-09-08T08:12:07+05:30,shipped,INR,IN,2026-09-10T11:02:25Z,
NC-100238,C0011,2026-09-08T03:55:32Z,delivered,,US,2026-09-14T10:18:34Z,
NC-100228,C0118,2026-09-07T20:59:50Z,delivered,GBP,GB,2026-09-12T05:11:24Z,
NC-100107,C0058,04/09/2026 05:19,cancelled,USD,US,2026-09-05T05:19:40Z,
NC-100259,C0027,2026-09-08T20:20:12Z,shipped,EUR,DE,2026-09-11T05:42:37Z,
NC-100189,C0036,2026-09-06T17:36:03Z,delivered,USD,US,2026-09-10T21:32:21Z,
NC-100137,C0020,05/09/2026 02:05,shipped,INR,IN,2026-09-05T18:27:27Z,VIP20
NC-100063,C0044,2026-09-02T20:10:38Z,delivered,SGD,SG,2026-09-05T19:58:58Z,FESTIVE15
NC-100009,C0109,2026-09-01T13:18:36+05:30,cancelled,inr,IN,2026-09-01T14:49:02Z,
NC-100185,C0109,06/09/2026 16:43,paid,USD,IN,2026-09-06T18:20:24Z,WELCOME10
NC-100239,C0072,2026-09-08T04:23:12Z,delivered,GBP,GB,2026-09-13T02:14:21Z,FREESHIP
NC-100409,C0044,2026-09-13T07:53:53Z,paid,SGD,SG,2026-09-13T08:54:12Z,VIP20
NC-100019,C0027,2026-09-01T22:40:17+05:30,placed,INR,IN,2026-09-01T17:10:33Z,
NC-100021,C0058,2026-09-01T18:40:14Z,paid,,US,2026-09-01T21:05:31Z,FESTIVE15
NC-100213,C0003,2026-09-07T17:55:36+05:30,placed,INR,IN,2026-09-07T12:26:03Z,FESTIVE15
NC-100298,C0027,2026-09-10T06:09:01+05:30,delivered,INR,IN,2026-09-13T16:12:19Z,FREESHIP
NC-100243,C0027,2026-09-08T11:04:32+05:30,placed,INR,IN,2026-09-08T05:34:38Z,VIP20
NC-100222,C0091,07/09/2026 16:23,paid,GBP,GB,2026-09-07T16:56:40Z,FESTIVE15
NC-100378,C0036,12/09/2026 15:50,shipped,usd,US,2026-09-13T21:20:31Z,
NC-100264,C0027,2026-09-09T05:18:29+05:30,delivered,INR,IN,2026-09-14T05:46:41Z,
NC-100401,C0066,2026-09-13T08:32:06+05:30,paid,INR,IN,2026-09-13T06:01:41Z,FESTIVE15
NC-100424,C0077,2026-09-13T23:28:53+05:30,shipped,INR,IN,2026-09-15T21:39:29Z,
NC-100024,C0027,01/09/2026 20:05,paid,INR,IN,2026-09-01T22:45:27Z,FREESHIP
NC-100094,C0079,2026-09-04T02:24:06+05:30,placed,INR,IN,2026-09-03T20:54:39Z,FESTIVE15
NC-100491,C0100,15/09/2026 20:24,placed,EUR,DE,2026-09-15T20:24:16Z,
NC-100108,C0008,2026-09-04T05:33:47Z,placed,EUR,DE,2026-09-04T05:34:20Z,WELCOME10
NC-100240,C0044,2026-09-08T04:32:39Z,placed,SGD,SG,2026-09-08T04:33:05Z,
NC-100423,C0058,2026-09-13T17:49:37Z,placed,USD,US,2026-09-13T17:49:46Z,VIP20
NC-100155,C0035,2026-09-05T17:26:25Z,delivered,USD,DE,2026-09-13T14:12:31Z,VIP20
NC-100297,C0102,09/09/2026 23:55,placed,SGD,SG,2026-09-09T23:55:08Z,
NC-100148,C0064,2026-09-05T11:00:47Z,shipped,GBP,GB,2026-09-07T08:32:27Z,
NC-100202,C0020,2026-09-07T02:25:47Z,shipped,USD,US,2026-09-08T08:31:57Z,WELCOME10
NC-100229,C0011,2026-09-07T21:21:49Z,placed,,US,2026-09-07T21:22:09Z,
NC-100268,C0054,09/09/2026 02:34,paid,,DE,2026-09-09T04:28:06Z,FREESHIP
NC-100284,C0052,2026-09-09T17:16:58+05:30,paid,INR,IN,2026-09-09T13:09:19Z,
NC-100299,C0068,10/09/2026 00:42,shipped,GBP,GB,2026-09-11T13:34:13Z,
NC-100473,C0082,2026-09-15T09:16:23Z,placed,GBP,GB,2026-09-15T09:17:02Z,
NC-100456,C0040,14/09/2026 16:07,paid,gbp,GB,2026-09-14T16:14:32Z,
NC-100387,C0087,2026-09-12T17:45:01Z,cancelled,USD,US,2026-09-14T05:58:39Z,VIP20
NC-100323,C0038,2026-09-10T16:04:21Z,placed,USD,US,2026-09-10T16:04:25Z,VIP20
NC-100351,C0044,11/09/2026 12:22,placed,SGD,SG,2026-09-11T12:22:23Z,FREESHIP
NC-100356,C0049,11/09/2026 17:42,placed,GBP,GB,2026-09-11T17:42:21Z,WELCOME10
NC-100028,C0003,01/09/2026 21:52,shipped,INR,IN,2026-09-04T03:42:32Z,WELCOME10
NC-100166,C0018,2026-09-06T05:58:41+05:30,placed,INR,IN,2026-09-06T00:29:06Z,
NC-100059,C0035,02/09/2026 17:54,paid,INR,IN,2026-09-02T20:21:24Z,FESTIVE15
NC-100243,C0027,2026-09-08T11:04:32+05:30,delivered,INR,IN,2026-09-12T14:09:38Z,VIP20
NC-100437,C0064,2026-09-14T09:31:43+05:30,paid,GBP,GB,2026-09-14T05:44:52Z,FESTIVE15
NC-100247,C0030,2026-09-08T08:44:49Z,paid,SGD,SG,2026-09-08T10:08:19Z,
NC-100186,C0091,06/09/2026 16:56,paid,GBP,GB,2026-09-06T19:35:31Z,FREESHIP
NC-100307,C0032,2026-09-10T08:00:21Z,paid,INR,IN,2026-09-10T10:17:51Z,FESTIVE15
NC-100221,C0027,2026-09-07T21:34:28+05:30,paid,INR,IN,2026-09-07T19:03:34Z,VIP20
NC-100080,C0036,03/09/2026 10:57,placed,SGD,SG,2026-09-03T10:57:33Z,WELCOME10
NC-100140,C0081,05/09/2026 04:01,placed,SGD,SG,2026-09-05T04:01:04Z,WELCOME10
NC-100281,C0121,09/09/2026 10:45,placed,SGD,SG,2026-09-09T10:45:18Z,VIP20
NC-100097,C0044,2026-09-04T03:29:36+05:30,delivered,SGD,SG,2026-09-09T04:13:09Z,
NC-100165,C0066,05/09/2026 22:45,shipped,INR,IN,2026-09-07T01:01:15Z,
NC-100030,C0016,2026-09-02T03:45:57+05:30,shipped,GBP,GB,2026-09-04T04:17:13Z,
NC-100189,C0036,2026-09-06T17:36:03Z,paid,USD,US,2026-09-06T19:32:21Z,
NC-100197,C0050,2026-09-06T22:14:41Z,paid,USD,US,2026-09-07T00:53:20Z,
NC-100265,C0097,2026-09-09T00:45:50Z,shipped,,IN,2026-09-10T09:53:27Z,FREESHIP
NC-100308,C0020,2026-09-10T13:33:16+05:30,placed,INR,IN,2026-09-10T08:03:55Z,
NC-100486,C0046,15/09/2026 15:28,placed,USD,US,2026-09-15T15:28:11Z,
NC-100378,C0036,12/09/2026 15:50,paid,usd,US,2026-09-12T17:20:31Z,
NC-100079,C0112,03/09/2026 10:21,shipped,INR,IN,2026-09-04T11:15:05Z,FREESHIP
NC-100184,C0011,2026-09-06T16:23:14Z,placed,USD,US,2026-09-06T16:23:50Z,WELCOME10
NC-100065,C0063,2026-09-02T23:11:59Z,shipped,SGD,SG,2026-09-05T08:30:29Z,FREESHIP
NC-100020,C0069,2026-09-01T17:50:32Z,paid,,US,2026-09-01T20:28:39Z,
NC-100110,C0027,04/09/2026 06:40,placed,INR,IN,2026-09-04T06:40:21Z,FREESHIP
NC-100392,C0069,2026-09-12T20:59:13Z,paid,,US,2026-09-12T21:58:39Z,
NC-100177,C0102,06/09/2026 11:44,delivered,SGD,SG,2026-09-10T19:29:39Z,VIP20
NC-100386,C0025,2026-09-12T17:24:20Z,shipped,GBP,GB,2026-09-14T10:29:46Z,
NC-100249,C0123,08/09/2026 09:52,placed,USD,US,2026-09-08T09:52:12Z,
NC-100104,C0068,2026-09-04T02:13:02Z,shipped,GBP,GB,2026-09-06T01:50:04Z,WELCOME10
NC-100073,C0035,2026-09-03T10:19:29+05:30,placed,,IN,2026-09-03T04:49:41Z,VIP20
NC-100177,C0102,06/09/2026 11:44,delivered,SGD,SG,2026-09-10T19:29:39Z,VIP20
NC-100457,C0079,2026-09-14T23:46:56+05:30,placed,INR,IN,2026-09-14T18:17:32Z,
NC-100472,C0057,15/09/2026 09:08,cancelled,USD,US,2026-09-15T18:53:16Z,VIP20
NC-100341,C0035,2026-09-11T06:56:15Z,placed,inr,IN,2026-09-11T06:56:30Z,FREESHIP
NC-100131,C0020,2026-09-05T05:00:30+05:30,placed,INR,IN,2026-09-04T23:30:51Z,FESTIVE15
NC-100332,C0096,2026-09-11T01:23:33Z,delivered,USD,DE,2026-09-15T19:36:57Z,VIP20
NC-100388,C0065,12/09/2026 18:43,shipped,USD,US,2026-09-14T20:31:05Z,FESTIVE15
NC-100352,C0046,2026-09-11T13:15:48Z,delivered,USD,US,2026-09-14T17:25:17Z,WELCOME10
NC-100164,C0058,2026-09-06T03:22:09+05:30,delivered,,US,2026-09-09T04:55:35Z,
NC-100361,C0074,2026-09-12T02:23:21+05:30,placed,INR,IN,2026-09-11T20:53:47Z,WELCOME10
NC-100300,C0066,2026-09-10T07:39:19+05:30,placed,INR,IN,2026-09-10T02:09:23Z,VIP20
NC-100368,C0070,2026-09-12T11:35:59+05:30,placed,INR,IN,2026-09-12T06:06:01Z,
NC-100290,C0058,2026-09-09T17:22:08Z,placed,USD,US,2026-09-09T17:22:22Z,VIP20
NC-100013,C0035,2026-09-01T10:13:48Z,placed,INR,IN,2026-09-01T10:14:01Z,
NC-100121,C0094,2026-09-04T21:31:18+05:30,delivered,GBP,GB,2026-09-07T18:48:31Z,FREESHIP
NC-100320,C0090,2026-09-10T20:17:06+05:30,placed,INR,IN,2026-09-10T14:47:23Z,
NC-100246,C0044,2026-09-08T08:18:36Z,placed,SGD,SG,2026-09-08T08:18:57Z,
NC-100202,C0020,2026-09-07T02:25:47Z,delivered,USD,US,2026-09-11T17:31:57Z,WELCOME10
NC-100009,C0109,2026-09-01T13:18:36+05:30,placed,INR,IN,2026-09-01T07:49:02Z,
NC-100344,C0065,2026-09-11T14:03:44+05:30,placed,USD,US,2026-09-11T08:33:58Z,FREESHIP
NC-100483,C0027,2026-09-15T14:16:25Z,paid,EUR,DE,2026-09-15T14:34:28Z,
NC-100022,C0045,2026-09-01T19:31:54Z,delivered,INR,IN,2026-09-06T17:01:12Z,
NC-100354,C0080,2026-09-11T14:36:07Z,shipped,eur,US,2026-09-13T08:55:38Z,FREESHIP
NC-100173,C0113,2026-09-06T15:21:27+05:30,paid,INR,IN,2026-09-06T11:31:49Z,WELCOME10
NC-100039,C0125,2026-09-02T07:31:38Z,placed,EUR,DE,2026-09-02T07:31:48Z,
NC-100154,C0058,05/09/2026 15:34,placed,USD,US,2026-09-05T15:34:06Z,
NC-100487,C0047,2026-09-15T21:13:56Z,placed,EUR,DE,2026-09-15T21:14:07Z,VIP20
NC-100065,C0063,2026-09-02T23:11:59Z,placed,SGD,SG,2026-09-02T23:12:29Z,FREESHIP
NC-100134,C0129,05/09/2026 01:06,placed,,US,2026-09-05T01:06:26Z,FESTIVE15
NC-100461,C0027,14/09/2026 19:53,paid,INR,IN,2026-09-14T22:17:18Z,FESTIVE15
NC-100305,C0105,2026-09-10T05:41:40Z,placed,GBP,GB,2026-09-10T05:42:00Z,FREESHIP
NC-100163,C0117,05/09/2026 21:15,paid,USD,SG,2026-09-06T00:02:13Z,
NC-100304,C0079,2026-09-10T09:56:44+05:30,placed,INR,IN,2026-09-10T04:26:59Z,
NC-100110,C0027,04/09/2026 06:40,paid,INR,IN,2026-09-04T09:26:21Z,FREESHIP
NC-100270,C0027,2026-09-09T05:00:52Z,cancelled,EUR,DE,2026-09-09T16:20:11Z,FESTIVE15
NC-100084,C0067,03/09/2026 14:27,placed,GBP,GB,2026-09-03T14:27:37Z,WELCOME10
NC-100344,C0065,2026-09-11T14:03:44+05:30,delivered,USD,US,2026-09-14T04:45:58Z,FREESHIP
NC-100100,C0106,2026-09-04T01:17:48Z,shipped,USD,US,2026-09-06T13:23:12Z,VIP20
NC-100058,C0079,02/09/2026 17:48,shipped,INR,IN,2026-09-04T20:21:18Z,WELCOME10
NC-100275,C0011,2026-09-09T08:56:03Z,placed,USD,US,2026-09-09T08:56:05Z,
NC-100235,C0128,2026-09-08T01:21:22Z,placed,,DE,2026-09-08T01:21:39Z,WELCOME10
NC-100119,C0062,04/09/2026 13:39,placed,INR,IN,2026-09-04T13:39:37Z,
NC-100048,C0066,2026-09-02T16:38:06+05:30,delivered,INR,IN,2026-09-07T11:47:20Z,
NC-100068,C0011,03/09/2026 00:37,placed,EUR,US,2026-09-03T00:37:05Z,VIP20
NC-100405,C0078,13/09/2026 06:26,paid,EUR,GB,2026-09-13T06:31:20Z,
NC-100462,C0044,2026-09-14T22:01:18Z,placed,SGD,SG,2026-09-14T22:01:31Z,
NC-100227,C0068,07/09/2026 20:12,shipped,SGD,SG,2026-09-09T06:43:06Z,FESTIVE15
NC-100266,C0066,2026-09-09T06:30:55+05:30,placed,INR,IN,2026-09-09T01:01:03Z,
NC-100004,C0085,01/09/2026 01:53,paid,INR,IN,2026-09-01T02:27:03Z,
NC-100319,C0029,2026-09-10T19:41:18+05:30,shipped,INR,IN,2026-09-11T04:10:24Z,
NC-100410,C0066,2026-09-13T13:31:45+05:30,placed,INR,IN,2026-09-13T08:01:56Z,FREESHIP
NC-100353,C0058,11/09/2026 14:26,shipped,USD,US,2026-09-12T08:49:06Z,
NC-100439,C0066,2026-09-14T11:43:52+05:30,placed,INR,IN,2026-09-14T06:14:18Z,VIP20
NC-100416,C0059,2026-09-13T11:45:22Z,shipped,GBP,GB,2026-09-15T03:40:37Z,VIP20
NC-100438,C0019,2026-09-14T04:26:41Z,placed,USD,US,2026-09-14T04:27:00Z,WELCOME10
NC-100151,C0079,2026-09-05T20:41:28+05:30,paid,INR,IN,2026-09-05T18:05:54Z,
NC-100071,C0003,03/09/2026 02:23,delivered,INR,IN,2026-09-05T21:11:27Z,FREESHIP
NC-100441,C0066,2026-09-14T12:02:48+05:30,placed,INR,IN,2026-09-14T06:32:53Z,FREESHIP
NC-100200,C0079,07/09/2026 00:39,delivered,,IN,2026-09-11T17:50:24Z,
NC-100377,C0056,12/09/2026 15:46,paid,USD,DE,2026-09-12T16:16:06Z,
NC-100400,C0079,2026-09-13T07:28:04+05:30,paid,inr,IN,2026-09-13T02:04:41Z,FREESHIP
NC-100090,C0027,2026-09-03T23:12:14+05:30,placed,INR,IN,2026-09-03T17:42:53Z,WELCOME10
NC-100294,C0049,09/09/2026 21:47,paid,GBP,GB,2026-09-10T00:00:03Z,WELCOME10
NC-100433,C0079,2026-09-14T07:31:23+05:30,shipped,INR,IN,2026-09-15T01:41:58Z,
NC-100112,C0043,04/09/2026 07:46,delivered,EUR,DE,2026-09-08T12:16:38Z,VIP20
NC-100345,C0114,2026-09-11T09:37:27Z,shipped,EUR,DE,2026-09-13T12:37:32Z,FESTIVE15
NC-100288,C0037,2026-09-09T16:25:14Z,paid,USD,US,2026-09-09T18:09:21Z,
NC-100064,C0079,02/09/2026 21:49,paid,EUR,IN,2026-09-02T23:48:26Z,
NC-100305,C0105,2026-09-10T05:41:40Z,delivered,GBP,GB,2026-09-14T22:10:00Z,FREESHIP
NC-100217,C0020,07/09/2026 14:55,delivered,INR,IN,2026-09-12T21:42:08Z,FESTIVE15
NC-100291,C0113,2026-09-09T23:55:31+05:30,delivered,INR,IN,2026-09-15T07:02:56Z,FESTIVE15
NC-100347,C0109,11/09/2026 10:08,paid,INR,IN,2026-09-11T11:46:10Z,
NC-100227,C0068,07/09/2026 20:12,placed,SGD,SG,2026-09-07T20:12:06Z,FESTIVE15
NC-100192,C0020,2026-09-06T19:24:47Z,delivered,inr,IN,2026-09-11T04:04:22Z,FESTIVE15
NC-100207,C0091,07/09/2026 05:15,cancelled,USD,GB,2026-09-07T11:15:28Z,
NC-100044,C0114,02/09/2026 09:45,placed,SGD,SG,2026-09-02T09:45:22Z,
NC-100103,C0020,2026-09-04T06:55:08+05:30,delivered,INR,IN,2026-09-11T02:58:39Z,
NC-100030,C0016,2026-09-02T03:45:57+05:30,placed,GBP,GB,2026-09-01T22:16:13Z,
NC-100274,C0105,09/09/2026 08:46,cancelled,GBP,GB,2026-09-10T04:46:15Z,
NC-100214,C0058,07/09/2026 14:19,delivered,USD,US,2026-09-13T07:19:07Z,FESTIVE15
NC-100339,C0025,11/09/2026 06:02,placed,GBP,GB,2026-09-11T06:02:39Z,VIP20
NC-100263,C0099,2026-09-09T04:48:30+05:30,shipped,EUR,DE,2026-09-10T01:33:00Z,WELCOME10
NC-100234,C0020,2026-09-08T06:46:15+05:30,shipped,INR,IN,2026-09-08T16:02:30Z,
NC-100021,C0058,2026-09-01T18:40:14Z,delivered,,US,2026-09-06T16:05:31Z,FESTIVE15
NC-100197,C0050,2026-09-06T22:14:41Z,delivered,USD,US,2026-09-14T11:53:20Z,
NC-100393,C0083,2026-09-12T21:30:29Z,placed,SGD,SG,2026-09-12T21:30:58Z,
NC-100054,C0055,2026-09-02T15:57:41Z,shipped,GBP,GB,2026-09-04T07:52:13Z,
NC-100062,C0043,2026-09-02T20:03:59Z,shipped,EUR,DE,2026-09-03T19:38:17Z,
NC-100380,C0058,2026-09-12T16:08:33Z,placed,USD,US,2026-09-12T16:08:55Z,FESTIVE15
NC-100031,C0906,01/09/2026 23:06,paid,GBP,GB,2026-09-02T00:30:06Z,
NC-100365,C0076,2026-09-12T07:51:31+05:30,placed,INR,IN,2026-09-12T02:22:00Z,VIP20
NC-100096,C0077,2026-09-04T02:54:53+05:30,paid,INR,IN,2026-09-03T22:03:22Z,FREESHIP
NC-100432,C0021,2026-09-14T06:52:55+05:30,cancelled,INR,IN,2026-09-14T06:23:12Z,FESTIVE15
NC-100082,C0020,2026-09-03T18:30:46+05:30,placed,INR,IN,2026-09-03T13:01:12Z,
NC-100230,C0067,07/09/2026 21:55,paid,GBP,GB,2026-09-07T23:24:05Z,
NC-100117,C0125,2026-09-04T11:34:52Z,shipped,EUR,DE,2026-09-05T18:34:04Z,FESTIVE15
NC-100489,C0091,2026-09-16T00:15:10+05:30,placed,gbp,GB,2026-09-15T18:45:21Z,
NC-100408,C0091,13/09/2026 07:52,shipped,GBP,GB,2026-09-15T20:54:39Z,
NC-100193,C0126,2026-09-07T01:11:12+05:30,placed,inr,IN,2026-09-06T19:41:45Z,FREESHIP
NC-100270,C0027,2026-09-09T05:00:52Z,placed,EUR,DE,2026-09-09T05:01:11Z,FESTIVE15
NC-100051,C0123,2026-09-02T14:13:23Z,delivered,INR,IN,2026-09-06T03:33:44Z,
NC-100406,C0044,2026-09-13T06:51:10Z,paid,SGD,SG,2026-09-13T07:11:44Z,FREESHIP
NC-100338,C0041,2026-09-11T05:56:38Z,placed,USD,US,2026-09-11T05:57:09Z,
NC-100234,C0020,2026-09-08T06:46:15+05:30,delivered,INR,IN,2026-09-13T17:02:30Z,
NC-100478,C0079,2026-09-15T17:21:26+05:30,placed,INR,IN,2026-09-15T11:51:49Z,FESTIVE15
NC-100273,C0125,2026-09-09T08:20:31Z,shipped,EUR,DE,2026-09-10T01:48:53Z,FREESHIP
NC-100277,C0087,2026-09-09T09:25:12Z,placed,USD,US,2026-09-09T09:25:51Z,VIP20
NC-100277,C0087,2026-09-09T09:25:12Z,delivered,USD,US,2026-09-13T06:21:51Z,VIP20
NC-100348,C0044,2026-09-11T11:00:20Z,cancelled,SGD,SG,2026-09-12T01:00:46Z,
NC-100359,C0066,2026-09-11T18:17:21Z,placed,INR,IN,2026-09-11T18:17:28Z,
NC-100408,C0091,13/09/2026 07:52,paid,GBP,GB,2026-09-13T08:54:39Z,
NC-100103,C0020,2026-09-04T06:55:08+05:30,placed,INR,IN,2026-09-04T01:25:39Z,
NC-100388,C0065,12/09/2026 18:43,placed,USD,US,2026-09-12T18:43:05Z,FESTIVE15
NC-100058,C0079,02/09/2026 17:48,paid,INR,IN,2026-09-02T20:21:18Z,WELCOME10
NC-100226,C0053,2026-09-08T01:39:48+05:30,shipped,INR,IN,2026-09-09T09:37:59Z,FESTIVE15
NC-100186,C0091,06/09/2026 16:56,delivered,GBP,GB,2026-09-09T17:35:31Z,FREESHIP
NC-100086,C0003,2026-09-03T21:10:05+05:30,placed,inr,IN,2026-09-03T15:40:41Z,FREESHIP
NC-100057,C0038,2026-09-02T17:48:12Z,paid,USD,US,2026-09-02T18:43:47Z,
NC-100099,C0055,03/09/2026 23:54,shipped,USD,US,2026-09-06T02:33:37Z,WELCOME10
NC-100026,C0044,2026-09-02T02:52:30+05:30,shipped,eur,SG,2026-09-03T22:27:41Z,FREESHIP
NC-100298,C0027,2026-09-10T06:09:01+05:30,placed,INR,IN,2026-09-10T00:39:19Z,FREESHIP
NC-100026,C0044,2026-09-02T02:52:30+05:30,delivered,EUR,SG,2026-09-08T11:27:41Z,FREESHIP
NC-100431,C0049,2026-09-14T00:40:11Z,placed,GBP,GB,2026-09-14T00:40:29Z,
NC-100001,C0123,2026-09-01T00:30:49Z,shipped,GBP,SG,2026-09-01T22:03:52Z,VIP20
NC-100189,C0036,2026-09-06T17:36:03Z,placed,USD,US,2026-09-06T17:36:21Z,
NC-100206,C0124,07/09/2026 05:00,placed,EUR,DE,2026-09-07T05:00:36Z,FESTIVE15
NC-100219,C0067,07/09/2026 15:37,shipped,GBP,GB,2026-09-09T14:40:26Z,
NC-100391,C0044,12/09/2026 20:39,paid,eur,SG,2026-09-12T23:30:14Z,
NC-100262,C0119,08/09/2026 22:46,placed,inr,IN,2026-09-08T22:46:22Z,WELCOME10
NC-100013,C0035,2026-09-01T10:13:48Z,delivered,INR,IN,2026-09-07T05:21:01Z,
NC-100203,C0079,2026-09-07T08:12:28+05:30,paid,EUR,DE,2026-09-07T04:43:32Z,
NC-100454,C0044,2026-09-14T20:06:11+05:30,paid,SGD,SG,2026-09-14T15:00:34Z,
NC-100284,C0052,2026-09-09T17:16:58+05:30,placed,INR,IN,2026-09-09T11:47:19Z,
NC-100286,C0101,2026-09-09T20:51:55+05:30,paid,EUR,DE,2026-09-09T16:40:26Z,WELCOME10
NC-100303,C0093,2026-09-10T09:13:53+05:30,paid,INR,IN,2026-09-10T03:59:08Z,VIP20
NC-100341,C0035,2026-09-11T06:56:15Z,shipped,INR,IN,2026-09-13T16:51:30Z,FREESHIP
NC-100139,C0016,2026-09-05T03:37:15Z,placed,SGD,SG,2026-09-05T03:37:25Z,WELCOME10
NC-100179,C0027,2026-09-06T19:33:48+05:30,paid,USD,IN,2026-09-06T16:10:50Z,
NC-100151,C0079,2026-09-05T20:41:28+05:30,shipped,INR,IN,2026-09-06T15:05:54Z,
NC-100185,C0109,06/09/2026 16:43,placed,USD,IN,2026-09-06T16:43:24Z,WELCOME10
NC-100077,C0071,03/09/2026 09:31,paid,USD,US,2026-09-03T11:22:28Z,VIP20
NC-100138,C0083,2026-09-05T03:17:02Z,delivered,SGD,SG,2026-09-09T15:11:36Z,WELCOME10
NC-100053,C0020,2026-09-02T21:16:34+05:30,placed,GBP,IN,2026-09-02T15:46:41Z,VIP20
NC-100174,C0044,06/09/2026 10:27,shipped,SGD,SG,2026-09-07T02:02:37Z,WELCOME10
NC-100199,C0066,07/09/2026 00:34,paid,,US,2026-09-07T03:15:03Z,WELCOME10
NC-100441,C0066,2026-09-14T12:02:48+05:30,paid,inr,IN,2026-09-14T08:01:53Z,FREESHIP
NC-100325,C0044,2026-09-10T16:30:53Z,cancelled,SGD,SG,2026-09-12T18:51:05Z,FREESHIP
NC-100299,C0068,10/09/2026 00:42,delivered,GBP,GB,2026-09-13T23:34:13Z,
NC-100118,C0096,04/09/2026 12:59,delivered,GBP,GB,2026-09-07T07:18:39Z,WELCOME10
NC-100134,C0129,05/09/2026 01:06,shipped,USD,US,2026-09-07T08:54:26Z,FESTIVE15
NC-100161,C0082,2026-09-05T19:55:34Z,placed,GBP,GB,2026-09-05T19:55:48Z,FREESHIP
NC-100289,C0013,2026-09-09T22:15:09+05:30,placed,INR,IN,2026-09-09T16:45:20Z,
NC-100036,C0079,02/09/2026 03:57,paid,SGD,SG,2026-09-02T06:17:30Z,FESTIVE15
NC-100147,C0077,2026-09-05T10:48:53Z,delivered,INR,IN,2026-09-09T21:10:58Z,VIP20
NC-100258,C0035,2026-09-09T00:55:13+05:30,paid,inr,IN,2026-09-08T20:00:51Z,FESTIVE15
NC-100433,C0079,2026-09-14T07:31:23+05:30,paid,INR,IN,2026-09-14T04:41:58Z,
NC-100110,C0027,04/09/2026 06:40,shipped,INR,IN,2026-09-05T11:26:21Z,FREESHIP
NC-100307,C0032,2026-09-10T08:00:21Z,placed,INR,IN,2026-09-10T08:00:51Z,FESTIVE15
NC-100191,C0044,2026-09-06T18:41:29Z,delivered,SGD,SG,2026-09-09T20:37:35Z,WELCOME10
NC-100385,C0075,2026-09-12T17:02:21Z,placed,USD,US,2026-09-12T17:02:28Z,WELCOME10
NC-100273,C0125,2026-09-09T08:20:31Z,delivered,EUR,DE,2026-09-13T12:48:53Z,FREESHIP
NC-100204,C0046,07/09/2026 03:32,shipped,USD,US,2026-09-08T20:42:40Z,FREESHIP
NC-100070,C0035,2026-09-03T06:52:38+05:30,shipped,,IN,2026-09-05T12:43:08Z,VIP20
NC-100370,C0903,2026-09-12T09:21:09Z,placed,SGD,SG,2026-09-12T09:21:28Z,VIP20
NC-100431,C0049,2026-09-14T00:40:11Z,paid,GBP,GB,2026-09-14T03:07:29Z,
NC-100437,C0064,2026-09-14T09:31:43+05:30,placed,GBP,GB,2026-09-14T04:01:52Z,FESTIVE15
NC-100091,C0001,03/09/2026 17:49,shipped,INR,IN,2026-09-05T09:46:14Z,
NC-100300,C0066,2026-09-10T07:39:19+05:30,delivered,inr,IN,2026-09-14T04:16:23Z,VIP20
NC-100312,C0035,2026-09-10T15:17:03+05:30,delivered,INR,IN,2026-09-15T00:37:19Z,WELCOME10
NC-100117,C0125,2026-09-04T11:34:52Z,delivered,EUR,DE,2026-09-10T08:34:04Z,FESTIVE15
NC-100017,C0090,2026-09-01T17:30:17+05:30,placed,INR,IN,2026-09-01T12:00:39Z,
NC-100236,C0095,2026-09-08T08:12:07+05:30,delivered,INR,IN,2026-09-15T06:02:25Z,
NC-100287,C0027,2026-09-09T21:44:52+05:30,paid,INR,IN,2026-09-09T16:51:03Z,FREESHIP
NC-100485,C0011,2026-09-15T14:58:06Z,paid,USD,US,2026-09-15T16:09:16Z,
NC-100387,C0087,2026-09-12T17:45:01Z,paid,USD,US,2026-09-12T17:58:39Z,VIP20
NC-100241,C0044,2026-09-08T04:39:38Z,shipped,SGD,SG,2026-09-09T03:34:02Z,
NC-100208,C0035,07/09/2026 06:28,paid,GBP,IN,2026-09-07T06:39:09Z,FREESHIP
NC-100322,C0094,2026-09-10T15:58:27Z,delivered,GBP,GB,2026-09-15T11:25:49Z,WELCOME10
NC-100105,C0027,2026-09-04T03:50:50Z,shipped,inr,IN,2026-09-05T07:31:12Z,WELCOME10
NC-100064,C0079,02/09/2026 21:49,placed,EUR,IN,2026-09-02T21:49:26Z,
NC-100171,C0072,06/09/2026 07:32,shipped,GBP,GB,2026-09-07T10:36:21Z,
NC-100431,C0049,2026-09-14T00:40:11Z,shipped,GBP,GB,2026-09-15T13:07:29Z,
NC-100031,C0906,01/09/2026 23:06,delivered,GBP,GB,2026-09-06T11:30:06Z,
NC-100018,C0058,01/09/2026 14:59,placed,USD,US,2026-09-01T14:59:14Z,VIP20
NC-100098,C0011,2026-09-04T04:54:13+05:30,placed,USD,US,2026-09-03T23:24:51Z,FREESHIP
NC-100329,C0020,2026-09-11T03:42:16+05:30,shipped,USD,US,2026-09-12T15:51:55Z,FREESHIP
NC-100174,C0044,06/09/2026 10:27,delivered,SGD,SG,2026-09-11T13:02:37Z,WELCOME10
NC-100320,C0090,2026-09-10T20:17:06+05:30,shipped,INR,IN,2026-09-12T17:54:23Z,
NC-100037,C0049,2026-09-02T05:32:52Z,paid,GBP,GB,2026-09-02T06:05:20Z,WELCOME10
NC-100342,C0089,11/09/2026 07:21,placed,USD,US,2026-09-11T07:21:08Z,FESTIVE15
NC-100449,C0104,2026-09-14T17:16:22+05:30,placed,INR,IN,2026-09-14T11:46:29Z,VIP20
NC-100317,C0007,10/09/2026 13:16,paid,inr,IN,2026-09-10T14:05:05Z,VIP20
NC-100211,C0115,2026-09-07T10:15:32Z,shipped,INR,IN,2026-09-08T03:40:49Z,
NC-100106,C0091,2026-09-04T03:58:51Z,placed,GBP,GB,2026-09-04T03:59:00Z,FREESHIP
NC-100019,C0027,2026-09-01T22:40:17+05:30,paid,INR,IN,2026-09-01T18:39:33Z,
NC-100251,C0073,2026-09-08T12:36:13Z,placed,USD,US,2026-09-08T12:36:15Z,
NC-100144,C0079,2026-09-05T05:18:11Z,paid,EUR,DE,2026-09-05T06:19:39Z,WELCOME10
NC-100155,C0035,2026-09-05T17:26:25Z,paid,USD,DE,2026-09-05T18:12:31Z,VIP20
NC-100324,C0020,2026-09-10T16:23:58Z,delivered,INR,IN,2026-09-13T13:48:03Z,FESTIVE15
NC-100311,C0011,2026-09-10T08:22:12Z,cancelled,USD,US,2026-09-11T12:19:52Z,WELCOME10
NC-100257,C0098,2026-09-08T22:34:31+05:30,placed,INR,IN,2026-09-08T17:04:40Z,
NC-100398,C0112,2026-09-13T06:15:26+05:30,shipped,INR,IN,2026-09-14T04:47:59Z,
NC-100414,C0091,2026-09-13T09:32:46Z,placed,GBP,GB,2026-09-13T09:33:05Z,VIP20
NC-100158,C0035,2026-09-06T00:17:26+05:30,placed,,IN,2026-09-05T18:47:42Z,
NC-100170,C0079,2026-09-06T12:44:38+05:30,paid,INR,IN,2026-09-06T09:27:14Z,FREESHIP
NC-100395,C0058,2026-09-12T21:34:38Z,placed,GBP,US,2026-09-12T21:34:40Z,
NC-100296,C0044,09/09/2026 23:52,delivered,EUR,DE,2026-09-13T20:10:27Z,FREESHIP
NC-100134,C0129,05/09/2026 01:06,paid,USD,US,2026-09-05T02:54:26Z,FESTIVE15
NC-100047,C0026,2026-09-02T16:23:24+05:30,placed,INR,IN,2026-09-02T10:54:03Z,
NC-100353,C0058,11/09/2026 14:26,placed,,US,2026-09-11T14:26:06Z,
NC-100182,C0104,2026-09-06T20:14:37+05:30,delivered,INR,IN,2026-09-13T11:13:53Z,FREESHIP
NC-100209,C0089,2026-09-07T08:12:46Z,paid,USD,US,2026-09-07T10:01:16Z,FESTIVE15
NC-100204,C0046,07/09/2026 03:32,paid,USD,US,2026-09-07T04:42:40Z,FREESHIP
NC-100129,C0901,2026-09-04T21:41:16Z,delivered,EUR,DE,2026-09-08T23:22:18Z,FESTIVE15
NC-100438,C0019,2026-09-14T04:26:41Z,paid,USD,US,2026-09-14T06:38:00Z,WELCOME10
NC-100051,C0123,2026-09-02T14:13:23Z,placed,INR,IN,2026-09-02T14:13:44Z,
NC-100088,C0033,2026-09-03T15:55:15Z,delivered,USD,US,2026-09-08T00:59:40Z,FREESHIP
NC-100392,C0069,2026-09-12T20:59:13Z,placed,,US,2026-09-12T20:59:39Z,
NC-100065,C0063,2026-09-02T23:11:59Z,paid,SGD,SG,2026-09-02T23:30:29Z,FREESHIP
NC-100152,C0003,2026-09-05T20:42:54+05:30,cancelled,INR,IN,2026-09-07T04:28:27Z,VIP20
NC-100126,C0121,04/09/2026 19:57,paid,EUR,DE,2026-09-04T20:24:13Z,
NC-100162,C0097,2026-09-06T01:41:29+05:30,delivered,gbp,IN,2026-09-09T09:10:38Z,WELCOME10
NC-100132,C0070,2026-09-04T23:45:13Z,placed,EUR,DE,2026-09-04T23:45:50Z,FESTIVE15
NC-100142,C0044,2026-09-05T10:27:45+05:30,shipped,SGD,SG,2026-09-07T00:50:02Z,
NC-100304,C0079,2026-09-10T09:56:44+05:30,delivered,INR,IN,2026-09-15T00:45:59Z,
NC-100268,C0054,09/09/2026 02:34,placed,,DE,2026-09-09T02:34:06Z,FREESHIP
NC-100286,C0101,2026-09-09T20:51:55+05:30,shipped,EUR,DE,2026-09-11T04:40:26Z,WELCOME10
NC-100374,C0091,2026-09-12T14:45:55Z,paid,GBP,GB,2026-09-12T17:23:14Z,VIP20
NC-100137,C0020,05/09/2026 02:05,delivered,INR,IN,2026-09-09T16:27:27Z,VIP20
NC-100259,C0027,2026-09-08T20:20:12Z,paid,eur,DE,2026-09-08T20:42:37Z,
NC-100480,C0024,2026-09-15T18:15:29+05:30,placed,,IN,2026-09-15T12:45:44Z,FREESHIP
NC-100376,C0024,2026-09-12T21:14:49+05:30,paid,INR,IN,2026-09-12T18:38:10Z,VIP20
NC-100422,C0022,2026-09-13T22:30:07+05:30,shipped,USD,US,2026-09-15T03:04:11Z,
NC-100187,C0091,2026-09-06T22:39:54+05:30,placed,GBP,GB,2026-09-06T17:10:25Z,VIP20
NC-100035,C0066,2026-09-02T09:24:22+05:30,placed,,IN,2026-09-02T03:55:00Z,VIP20
NC-100348,C0044,2026-09-11T11:00:20Z,placed,SGD,SG,2026-09-11T11:00:46Z,
NC-100319,C0029,2026-09-10T19:41:18+05:30,paid,INR,IN,2026-09-10T17:10:24Z,
NC-100190,C0011,06/09/2026 17:55,delivered,USD,US,2026-09-13T09:49:37Z,
NC-100030,C0016,2026-09-02T03:45:57+05:30,paid,GBP,GB,2026-09-01T22:17:13Z,
NC-100184,C0011,2026-09-06T16:23:14Z,shipped,USD,US,2026-09-07T15:05:50Z,WELCOME10
NC-100315,C0060,2026-09-10T11:38:44Z,delivered,USD,US,2026-09-14T04:18:09Z,
NC-100059,C0035,02/09/2026 17:54,shipped,INR,IN,2026-09-03T18:21:24Z,FESTIVE15
NC-100242,C0003,2026-09-08T11:03:08+05:30,shipped,INR,IN,2026-09-09T17:15:18Z,FREESHIP
NC-100276,C0015,09/09/2026 09:16,placed,INR,IN,2026-09-09T09:16:27Z,
NC-100166,C0018,2026-09-06T05:58:41+05:30,delivered,INR,IN,2026-09-10T20:31:06Z,
NC-100289,C0013,2026-09-09T22:15:09+05:30,shipped,INR,IN,2026-09-11T06:21:20Z,
NC-100026,C0044,2026-09-02T02:52:30+05:30,placed,eur,SG,2026-09-01T21:22:41Z,FREESHIP
NC-100353,C0058,11/09/2026 14:26,delivered,USD,US,2026-09-14T19:49:06Z,
NC-100219,C0067,07/09/2026 15:37,paid,gbp,GB,2026-09-07T16:40:26Z,
NC-100173,C0113,2026-09-06T15:21:27+05:30,delivered,INR,IN,2026-09-11T01:31:49Z,WELCOME10
NC-100155,C0035,2026-09-05T17:26:25Z,placed,USD,DE,2026-09-05T17:26:31Z,VIP20
NC-100079,C0112,03/09/2026 10:21,paid,INR,IN,2026-09-03T11:15:05Z,FREESHIP
NC-100271,C0097,2026-09-09T05:25:57Z,paid,INR,IN,2026-09-09T07:13:25Z,
NC-100251,C0073,2026-09-08T12:36:13Z,shipped,USD,US,2026-09-09T20:15:15Z,
NC-100373,C0066,2026-09-12T16:59:51+05:30,shipped,INR,IN,2026-09-13T02:41:53Z,FESTIVE15
NC-100035,C0066,2026-09-02T09:24:22+05:30,shipped,,IN,2026-09-03T03:37:00Z,VIP20
NC-100221,C0027,2026-09-07T21:34:28+05:30,placed,INR,IN,2026-09-07T16:04:34Z,VIP20
NC-100119,C0062,04/09/2026 13:39,paid,INR,IN,2026-09-04T14:08:37Z,
NC-100383,C0091,2026-09-12T16:33:24Z,shipped,GBP,GB,2026-09-13T21:06:59Z,WELCOME10
NC-100336,C0098,2026-09-11T10:41:23+05:30,delivered,GBP,IN,2026-09-15T04:10:32Z,FESTIVE15
NC-100360,C0123,2026-09-11T18:43:15Z,delivered,USD,US,2026-09-15T20:32:42Z,
NC-100137,C0020,05/09/2026 02:05,placed,INR,IN,2026-09-05T02:05:27Z,VIP20
NC-100145,C0059,2026-09-05T13:56:45+05:30,delivered,USD,GB,2026-09-11T07:44:54Z,FREESHIP
NC-100244,C0044,2026-09-08T06:40:02Z,paid,SGD,SG,2026-09-08T07:12:37Z,VIP20
NC-100142,C0044,2026-09-05T10:27:45+05:30,placed,SGD,SG,2026-09-05T04:58:02Z,
NC-100417,C0035,2026-09-13T18:16:30+05:30,placed,INR,IN,2026-09-13T12:46:48Z,
NC-100427,C0086,2026-09-14T01:10:45+05:30,shipped,INR,IN,2026-09-15T01:41:58Z,FREESHIP
NC-100072,C0027,2026-09-03T03:04:24Z,placed,SGD,SG,2026-09-03T03:04:51Z,
NC-100104,C0068,2026-09-04T02:13:02Z,placed,GBP,GB,2026-09-04T02:13:04Z,WELCOME10
NC-100287,C0027,2026-09-09T21:44:52+05:30,placed,INR,IN,2026-09-09T16:15:03Z,FREESHIP
NC-100141,C0111,05/09/2026 04:40,placed,USD,US,2026-09-05T04:40:38Z,FESTIVE15
NC-100231,C0078,07/09/2026 22:37,placed,GBP,GB,2026-09-07T22:37:35Z,FREESHIP
NC-100013,C0035,2026-09-01T10:13:48Z,paid,INR,IN,2026-09-01T12:21:01Z,
NC-100192,C0020,2026-09-06T19:24:47Z,paid,inr,IN,2026-09-06T21:04:22Z,FESTIVE15
NC-100045,C0058,2026-09-02T10:03:55Z,shipped,USD,US,2026-09-04T20:59:34Z,VIP20
NC-100096,C0077,2026-09-04T02:54:53+05:30,placed,inr,IN,2026-09-03T21:25:22Z,FREESHIP
NC-100165,C0066,05/09/2026 22:45,paid,INR,IN,2026-09-05T23:01:15Z,
NC-100442,C0091,2026-09-14T12:43:29+05:30,placed,GBP,GB,2026-09-14T07:13:59Z,VIP20
NC-100318,C0070,2026-09-10T13:53:28Z,placed,EUR,DE,2026-09-10T13:53:52Z,
NC-100341,C0035,2026-09-11T06:56:15Z,paid,inr,IN,2026-09-11T09:51:30Z,FREESHIP
NC-100484,C0079,2026-09-16T02:10:36+05:30,placed,INR,IN,2026-09-15T20:40:39Z,FESTIVE15
NC-100212,C0037,07/09/2026 11:25,delivered,USD,US,2026-09-13T22:14:22Z,FESTIVE15
NC-100352,C0046,2026-09-11T13:15:48Z,shipped,USD,US,2026-09-12T05:25:17Z,WELCOME10
NC-100197,C0050,2026-09-06T22:14:41Z,placed,USD,US,2026-09-06T22:15:20Z,
NC-100056,C0094,02/09/2026 16:55,placed,usd,US,2026-09-02T16:55:09Z,
NC-100093,C0003,2026-09-04T02:19:16+05:30,placed,INR,IN,2026-09-03T20:49:35Z,VIP20
NC-100132,C0070,2026-09-04T23:45:13Z,shipped,EUR,DE,2026-09-06T05:25:50Z,FESTIVE15
NC-100405,C0078,13/09/2026 06:26,placed,EUR,GB,2026-09-13T06:26:20Z,
NC-100049,C0108,02/09/2026 12:32,delivered,INR,IN,2026-09-08T00:39:23Z,FREESHIP
NC-100095,C0033,2026-09-03T21:23:58Z,delivered,USD,US,2026-09-09T22:36:35Z,FESTIVE15
NC-100070,C0035,2026-09-03T06:52:38+05:30,delivered,,IN,2026-09-07T18:43:08Z,VIP20
NC-100195,C0020,06/09/2026 20:25,paid,INR,IN,2026-09-06T20:50:33Z,
NC-100468,C0021,15/09/2026 07:38,paid,,SG,2026-09-15T10:07:04Z,
NC-100178,C0011,06/09/2026 12:02,paid,usd,US,2026-09-06T13:55:03Z,
NC-100332,C0096,2026-09-11T01:23:33Z,paid,USD,DE,2026-09-11T01:36:57Z,VIP20
NC-100059,C0035,02/09/2026 17:54,delivered,INR,IN,2026-09-06T06:21:24Z,FESTIVE15
NC-100070,C0035,2026-09-03T06:52:38+05:30,paid,,IN,2026-09-03T02:43:08Z,VIP20
NC-100448,C0044,2026-09-14T11:32:36Z,paid,gbp,GB,2026-09-14T12:38:59Z,FESTIVE15
NC-100444,C0011,2026-09-14T08:47:30Z,paid,USD,US,2026-09-14T10:23:58Z,FREESHIP
NC-100200,C0079,07/09/2026 00:39,shipped,,IN,2026-09-07T20:50:24Z,
NC-100097,C0044,2026-09-04T03:29:36+05:30,placed,SGD,SG,2026-09-03T22:00:09Z,
NC-100032,C0109,01/09/2026 23:06,cancelled,INR,IN,2026-09-02T09:06:29Z,FREESHIP
NC-100362,C0054,11/09/2026 23:22,placed,EUR,DE,2026-09-11T23:22:33Z,FESTIVE15
NC-100080,C0036,03/09/2026 10:57,delivered,SGD,SG,2026-09-09T19:15:33Z,WELCOME10
NC-100066,C0003,2026-09-03T05:22:19+05:30,paid,INR,IN,2026-09-03T00:21:53Z,
NC-100274,C0105,09/09/2026 08:46,placed,GBP,GB,2026-09-09T08:46:15Z,
NC-100334,C0083,2026-09-11T03:31:30Z,placed,SGD,SG,2026-09-11T03:31:59Z,WELCOME10
NC-100016,C0114,2026-09-01T11:47:38Z,placed,EUR,DE,2026-09-01T11:47:53Z,
NC-100247,C0030,2026-09-08T08:44:49Z,shipped,SGD,SG,2026-09-09T21:08:19Z,
NC-100337,C0058,11/09/2026 05:52,placed,USD,US,2026-09-11T05:52:39Z,FESTIVE15
NC-100327,C0066,2026-09-11T00:51:30+05:30,delivered,INR,IN,2026-09-14T05:55:35Z,
NC-100317,C0007,10/09/2026 13:16,delivered,INR,IN,2026-09-14T08:05:05Z,VIP20
NC-100256,C0097,08/09/2026 16:25,cancelled,INR,IN,2026-09-09T02:25:13Z,
NC-100034,C0020,02/09/2026 03:15,placed,USD,US,2026-09-02T03:15:37Z,WELCOME10
NC-100099,C0055,03/09/2026 23:54,placed,USD,US,2026-09-03T23:54:37Z,WELCOME10
NC-100105,C0027,2026-09-04T03:50:50Z,delivered,INR,IN,2026-09-09T03:31:12Z,WELCOME10
NC-100375,C0003,2026-09-12T14:59:48Z,placed,INR,IN,2026-09-12T15:00:26Z,WELCOME10
NC-100283,C0058,2026-09-09T17:16:35+05:30,placed,USD,US,2026-09-09T11:46:37Z,FREESHIP
NC-100230,C0067,07/09/2026 21:55,delivered,GBP,GB,2026-09-12T08:24:05Z,
NC-100412,C0066,2026-09-13T08:19:08Z,paid,GBP,GB,2026-09-13T10:02:36Z,
NC-100279,C0020,2026-09-09T15:28:37+05:30,shipped,INR,IN,2026-09-10T21:43:04Z,WELCOME10
NC-100205,C0056,2026-09-07T04:08:56Z,paid,,IN,2026-09-07T06:53:23Z,FREESHIP
NC-100313,C0020,10/09/2026 10:02,placed,INR,IN,2026-09-10T10:02:04Z,FREESHIP
NC-100492,C0035,2026-09-16T02:15:53+05:30,placed,INR,IN,2026-09-15T20:46:19Z,
NC-100279,C0020,2026-09-09T15:28:37+05:30,paid,INR,IN,2026-09-09T12:43:04Z,WELCOME10
NC-100164,C0058,2026-09-06T03:22:09+05:30,paid,,US,2026-09-05T22:55:35Z,
NC-100324,C0020,2026-09-10T16:23:58Z,paid,INR,IN,2026-09-10T18:48:03Z,FESTIVE15
NC-100262,C0119,08/09/2026 22:46,paid,inr,IN,2026-09-09T01:03:22Z,WELCOME10
NC-100073,C0035,2026-09-03T10:19:29+05:30,cancelled,,IN,2026-09-03T13:49:41Z,VIP20
NC-100425,C0092,13/09/2026 18:34,placed,USD,US,2026-09-13T18:34:36Z,FESTIVE15
NC-100188,C0053,2026-09-06T17:23:20Z,shipped,EUR,GB,2026-09-08T22:44:54Z,
NC-100352,C0046,2026-09-11T13:15:48Z,placed,USD,US,2026-09-11T13:16:17Z,WELCOME10
NC-100218,C0092,07/09/2026 15:03,shipped,USD,US,2026-09-08T17:35:22Z,FREESHIP
NC-100019,C0027,2026-09-01T22:40:17+05:30,shipped,INR,IN,2026-09-02T14:39:33Z,
NC-100252,C0027,08/09/2026 12:44,delivered,INR,IN,2026-09-14T17:35:02Z,VIP20
NC-100468,C0021,15/09/2026 07:38,placed,,SG,2026-09-15T07:38:04Z,
NC-100244,C0044,2026-09-08T06:40:02Z,delivered,SGD,SG,2026-09-12T20:12:37Z,VIP20
NC-100330,C0003,2026-09-11T04:58:34+05:30,paid,INR,IN,2026-09-11T01:31:46Z,WELCOME10
NC-100174,C0044,06/09/2026 10:27,paid,SGD,SG,2026-09-06T11:02:37Z,WELCOME10
NC-100092,C0038,03/09/2026 20:41,shipped,USD,US,2026-09-05T06:16:24Z,FREESHIP
NC-100165,C0066,05/09/2026 22:45,delivered,INR,IN,2026-09-10T03:01:15Z,
NC-100282,C0130,2026-09-09T16:43:40+05:30,delivered,USD,IN,2026-09-14T15:16:19Z,FREESHIP
NC-100235,C0128,2026-09-08T01:21:22Z,shipped,,DE,2026-09-08T21:08:39Z,WELCOME10
NC-100183,C0038,2026-09-06T15:43:16Z,placed,USD,US,2026-09-06T15:43:18Z,FREESHIP
NC-100040,C0049,2026-09-02T07:45:02Z,paid,GBP,GB,2026-09-02T07:56:13Z,WELCOME10
NC-100317,C0007,10/09/2026 13:16,shipped,inr,IN,2026-09-12T01:05:05Z,VIP20
NC-100145,C0059,2026-09-05T13:56:45+05:30,paid,USD,GB,2026-09-05T09:44:54Z,FREESHIP
NC-100329,C0020,2026-09-11T03:42:16+05:30,placed,USD,US,2026-09-10T22:12:55Z,FREESHIP
NC-100239,C0072,2026-09-08T04:23:12Z,shipped,GBP,GB,2026-09-10T12:14:21Z,FREESHIP
NC-100404,C0043,13/09/2026 03:55,paid,EUR,DE,2026-09-13T06:08:02Z,
NC-100302,C0122,10/09/2026 03:33,paid,INR,IN,2026-09-10T04:01:05Z,
NC-100369,C0004,2026-09-12T12:31:03+05:30,shipped,INR,IN,2026-09-13T00:35:36Z,VIP20
NC-100167,C0091,2026-09-06T06:35:54+05:30,placed,EUR,DE,2026-09-06T01:06:07Z,
NC-100424,C0077,2026-09-13T23:28:53+05:30,placed,INR,IN,2026-09-13T17:59:29Z,
NC-100255,C0027,08/09/2026 16:08,delivered,INR,IN,2026-09-12T23:33:27Z,FESTIVE15
NC-100307,C0032,2026-09-10T08:00:21Z,delivered,INR,IN,2026-09-13T05:17:51Z,FESTIVE15
NC-100180,C0066,2026-09-06T19:45:36+05:30,placed,INR,IN,2026-09-06T14:15:52Z,FREESHIP
NC-100260,C0081,08/09/2026 21:54,paid,,DE,2026-09-08T23:30:26Z,VIP20
NC-100326,C0027,2026-09-10T22:01:05+05:30,placed,INR,IN,2026-09-10T16:31:34Z,WELCOME10
NC-100260,C0081,08/09/2026 21:54,placed,,DE,2026-09-08T21:54:26Z,VIP20
NC-100443,C0076,2026-09-14T08:02:46Z,cancelled,GBP,GB,2026-09-15T08:01:18Z,WELCOME10
NC-100153,C0130,05/09/2026 15:19,shipped,INR,IN,2026-09-06T03:16:04Z,
NC-100081,C0044,2026-09-03T12:57:29Z,delivered,SGD,SG,2026-09-07T00:23:57Z,FREESHIP
NC-100479,C0027,2026-09-15T18:10:24+05:30,placed,inr,IN,2026-09-15T12:40:38Z,
NC-100100,C0106,2026-09-04T01:17:48Z,paid,USD,US,2026-09-04T01:23:12Z,VIP20
NC-100232,C0071,08/09/2026 00:01,shipped,USD,US,2026-09-10T09:45:26Z,VIP20
NC-100359,C0066,2026-09-11T18:17:21Z,cancelled,INR,IN,2026-09-12T11:17:28Z,
NC-100187,C0091,2026-09-06T22:39:54+05:30,paid,GBP,GB,2026-09-06T17:32:25Z,VIP20
NC-100015,C0904,2026-09-01T16:44:53+05:30,paid,GBP,GB,2026-09-01T12:25:18Z,
NC-100261,C0062,2026-09-09T03:44:17+05:30,shipped,INR,IN,2026-09-10T20:47:21Z,VIP20
NC-100419,C0101,2026-09-13T19:02:49+05:30,shipped,EUR,DE,2026-09-15T10:25:19Z,VIP20
NC-100456,C0040,14/09/2026 16:07,cancelled,gbp,GB,2026-09-15T01:14:32Z,
NC-100368,C0070,2026-09-12T11:35:59+05:30,delivered,INR,IN,2026-09-15T19:30:01Z,
NC-100466,C0035,2026-09-15T04:51:37Z,placed,GBP,IN,2026-09-15T04:52:14Z,VIP20
NC-100473,C0082,2026-09-15T09:16:23Z,paid,GBP,GB,2026-09-15T09:55:02Z,
NC-100299,C0068,10/09/2026 00:42,placed,GBP,GB,2026-09-10T00:42:13Z,
NC-100224,C0066,2026-09-08T00:25:24+05:30,shipped,INR,IN,2026-09-08T11:09:28Z,FESTIVE15
NC-100316,C0079,2026-09-10T17:55:01+05:30,placed,INR,IN,2026-09-10T12:25:39Z,FESTIVE15
NC-100237,C0003,2026-09-08T03:35:05Z,paid,INR,IN,2026-09-08T06:35:18Z,FESTIVE15
NC-100015,C0904,2026-09-01T16:44:53+05:30,delivered,GBP,GB,2026-09-08T17:25:18Z,
NC-100199,C0066,07/09/2026 00:34,delivered,,US,2026-09-13T16:15:03Z,WELCOME10
NC-100225,C0102,07/09/2026 19:55,delivered,SGD,SG,2026-09-14T13:10:22Z,VIP20
NC-100175,C0102,2026-09-06T16:27:01+05:30,delivered,SGD,SG,2026-09-12T20:04:06Z,
NC-100045,C0058,2026-09-02T10:03:55Z,placed,USD,US,2026-09-02T10:04:34Z,VIP20
NC-100055,C0079,02/09/2026 16:49,placed,,IN,2026-09-02T16:49:29Z,FREESHIP
NC-100026,C0044,2026-09-02T02:52:30+05:30,paid,eur,SG,2026-09-01T22:27:41Z,FREESHIP
NC-100394,C0127,2026-09-12T21:34:19Z,placed,EUR,DE,2026-09-12T21:34:25Z,
NC-100161,C0082,2026-09-05T19:55:34Z,delivered,GBP,GB,2026-09-11T19:33:48Z,FREESHIP
NC-100439,C0066,2026-09-14T11:43:52+05:30,paid,INR,IN,2026-09-14T07:01:18Z,VIP20
NC-100078,C0006,2026-09-03T10:17:26Z,shipped,USD,US,2026-09-05T15:08:00Z,VIP20
NC-100203,C0079,2026-09-07T08:12:28+05:30,delivered,EUR,DE,2026-09-13T01:43:32Z,
NC-100213,C0003,2026-09-07T17:55:36+05:30,paid,INR,IN,2026-09-07T14:17:03Z,FESTIVE15
NC-100076,C0044,2026-09-03T09:05:13Z,delivered,EUR,DE,2026-09-08T03:44:22Z,FESTIVE15
NC-100004,C0085,01/09/2026 01:53,delivered,INR,IN,2026-09-06T15:27:03Z,
NC-100326,C0027,2026-09-10T22:01:05+05:30,shipped,INR,IN,2026-09-11T15:33:34Z,WELCOME10
NC-100081,C0044,2026-09-03T12:57:29Z,paid,SGD,SG,2026-09-03T13:23:57Z,FREESHIP
NC-100188,C0053,2026-09-06T17:23:20Z,delivered,EUR,GB,2026-09-11T20:44:54Z,
NC-100295,C0077,2026-09-09T23:36:38Z,placed,INR,IN,2026-09-09T23:36:52Z,FESTIVE15
NC-100328,C0088,2026-09-11T02:44:55+05:30,placed,INR,IN,2026-09-10T21:15:05Z,
NC-100327,C0066,2026-09-11T00:51:30+05:30,shipped,INR,IN,2026-09-11T04:55:35Z,
NC-100172,C0066,06/09/2026 08:53,placed,INR,IN,2026-09-06T08:53:28Z,FESTIVE15
NC-100447,C0057,2026-09-14T11:08:37Z,placed,USD,US,2026-09-14T11:09:01Z,
NC-100385,C0075,2026-09-12T17:02:21Z,cancelled,USD,US,2026-09-13T17:56:28Z,WELCOME10
NC-100040,C0049,2026-09-02T07:45:02Z,cancelled,GBP,GB,2026-09-03T08:56:13Z,WELCOME10
NC-100280,C0901,09/09/2026 10:21,paid,USD,US,2026-09-09T12:55:28Z,
NC-100322,C0094,2026-09-10T15:58:27Z,placed,GBP,GB,2026-09-10T15:58:49Z,WELCOME10
NC-100354,C0080,2026-09-11T14:36:07Z,placed,eur,US,2026-09-11T14:36:38Z,FREESHIP
NC-100319,C0029,2026-09-10T19:41:18+05:30,placed,INR,IN,2026-09-10T14:11:24Z,
NC-100102,C0003,2026-09-04T06:55:01+05:30,paid,INR,IN,2026-09-04T02:35:30Z,
NC-100336,C0098,2026-09-11T10:41:23+05:30,shipped,GBP,IN,2026-09-12T09:10:32Z,FESTIVE15
NC-100296,C0044,09/09/2026 23:52,placed,EUR,DE,2026-09-09T23:52:27Z,FREESHIP
NC-100259,C0027,2026-09-08T20:20:12Z,delivered,eur,DE,2026-09-15T23:42:37Z,
NC-100364,C0121,2026-09-12T06:47:02+05:30,placed,INR,IN,2026-09-12T01:17:20Z,
NC-100160,C0066,2026-09-05T19:46:53Z,delivered,INR,IN,2026-09-10T16:02:03Z,WELCOME10
NC-100263,C0099,2026-09-09T04:48:30+05:30,delivered,EUR,DE,2026-09-12T15:33:00Z,WELCOME10
NC-100096,C0077,2026-09-04T02:54:53+05:30,shipped,inr,IN,2026-09-05T09:03:22Z,FREESHIP
NC-100114,C0902,04/09/2026 08:42,delivered,sgd,SG,2026-09-09T19:56:13Z,FESTIVE15
NC-100323,C0038,2026-09-10T16:04:21Z,paid,USD,US,2026-09-10T16:49:25Z,VIP20
NC-100292,C0071,2026-09-09T18:26:51Z,shipped,USD,US,2026-09-11T17:06:16Z,FREESHIP
NC-100211,C0115,2026-09-07T10:15:32Z,delivered,INR,IN,2026-09-10T12:40:49Z,
NC-100191,C0044,2026-09-06T18:41:29Z,shipped,SGD,SG,2026-09-07T06:37:35Z,WELCOME10
NC-100308,C0020,2026-09-10T13:33:16+05:30,cancelled,INR,IN,2026-09-10T16:03:55Z,
NC-100119,C0062,04/09/2026 13:39,shipped,INR,IN,2026-09-04T23:08:37Z,
NC-100146,C0091,2026-09-05T16:02:42+05:30,placed,EUR,GB,2026-09-05T10:32:56Z,
NC-100272,C0125,09/09/2026 07:29,paid,sgd,SG,2026-09-09T08:37:08Z,FESTIVE15
NC-100154,C0058,05/09/2026 15:34,delivered,USD,US,2026-09-11T04:05:06Z,
NC-100066,C0003,2026-09-03T05:22:19+05:30,shipped,INR,IN,2026-09-04T15:21:53Z,
NC-100084,C0067,03/09/2026 14:27,shipped,GBP,GB,2026-09-05T14:49:37Z,WELCOME10
NC-100241,C0044,2026-09-08T04:39:38Z,placed,SGD,SG,2026-09-08T04:40:02Z,
NC-100404,C0043,13/09/2026 03:55,shipped,EUR,DE,2026-09-14T15:08:02Z,
NC-100061,C0041,2026-09-02T19:47:10Z,paid,USD,US,2026-09-02T22:40:38Z,FREESHIP
NC-100375,C0003,2026-09-12T14:59:48Z,placed,INR,IN,2026-09-12T15:00:26Z,WELCOME10
NC-100072,C0027,2026-09-03T03:04:24Z,delivered,SGD,SG,2026-09-07T01:13:51Z,
NC-100058,C0079,02/09/2026 17:48,delivered,INR,IN,2026-09-08T03:21:18Z,WELCOME10
NC-100012,C0020,01/09/2026 09:32,placed,INR,IN,2026-09-01T09:32:27Z,
NC-100027,C0009,2026-09-02T03:18:03+05:30,cancelled,USD,US,2026-09-02T22:48:29Z,
NC-100159,C0011,2026-09-05T19:14:57Z,delivered,USD,US,2026-09-10T03:30:20Z,
NC-100218,C0092,07/09/2026 15:03,placed,USD,US,2026-09-07T15:03:22Z,FREESHIP
NC-100217,C0020,07/09/2026 14:55,shipped,INR,IN,2026-09-09T02:42:08Z,FESTIVE15
NC-100414,C0091,2026-09-13T09:32:46Z,shipped,GBP,GB,2026-09-15T02:57:05Z,VIP20
NC-100020,C0069,2026-09-01T17:50:32Z,placed,,US,2026-09-01T17:50:39Z,
NC-100466,C0035,2026-09-15T04:51:37Z,paid,GBP,IN,2026-09-15T07:06:14Z,VIP20
NC-100481,C0060,2026-09-15T12:54:34Z,placed,USD,US,2026-09-15T12:54:52Z,FREESHIP
NC-100042,C0115,2026-09-02T09:01:42Z,delivered,INR,IN,2026-09-06T20:26:47Z,
NC-100311,C0011,2026-09-10T08:22:12Z,paid,USD,US,2026-09-10T09:19:52Z,WELCOME10
NC-100378,C0036,12/09/2026 15:50,placed,usd,US,2026-09-12T15:50:31Z,
NC-100472,C0057,15/09/2026 09:08,placed,USD,US,2026-09-15T09:08:16Z,VIP20
NC-100281,C0121,09/09/2026 10:45,delivered,SGD,SG,2026-09-13T00:06:18Z,VIP20
NC-100427,C0086,2026-09-14T01:10:45+05:30,placed,INR,IN,2026-09-13T19:40:58Z,FREESHIP
NC-100238,C0011,2026-09-08T03:55:32Z,paid,,US,2026-09-08T06:18:34Z,
NC-100033,C0044,01/09/2026 23:50,placed,SGD,SG,2026-09-01T23:50:18Z,WELCOME10
NC-100429,C0003,13/09/2026 22:27,shipped,INR,IN,2026-09-15T05:29:15Z,
NC-100350,C0035,2026-09-11T12:18:54Z,placed,INR,IN,2026-09-11T12:19:16Z,WELCOME10
NC-100099,C0055,03/09/2026 23:54,delivered,USD,US,2026-09-08T10:33:37Z,WELCOME10
NC-100089,C0032,03/09/2026 17:34,delivered,INR,IN,2026-09-09T21:31:11Z,
NC-100077,C0071,03/09/2026 09:31,delivered,usd,US,2026-09-07T13:22:28Z,VIP20
NC-100409,C0044,2026-09-13T07:53:53Z,shipped,SGD,SG,2026-09-14T20:54:12Z,VIP20
NC-100254,C0099,08/09/2026 16:05,placed,EUR,DE,2026-09-08T16:05:15Z,VIP20
NC-100008,C0053,2026-09-01T12:55:55+05:30,paid,INR,IN,2026-09-01T09:23:06Z,VIP20
NC-100088,C0033,2026-09-03T15:55:15Z,placed,USD,US,2026-09-03T15:55:40Z,FREESHIP
NC-100468,C0021,15/09/2026 07:38,shipped,,SG,2026-09-15T21:07:04Z,
NC-100066,C0003,2026-09-03T05:22:19+05:30,delivered,INR,IN,2026-09-07T02:21:53Z,
NC-100345,C0114,2026-09-11T09:37:27Z,placed,EUR,DE,2026-09-11T09:37:32Z,FESTIVE15
NC-100103,C0020,2026-09-04T06:55:08+05:30,paid,INR,IN,2026-09-04T02:58:39Z,
NC-100086,C0003,2026-09-03T21:10:05+05:30,delivered,INR,IN,2026-09-07T14:14:41Z,FREESHIP
NC-100330,C0003,2026-09-11T04:58:34+05:30,delivered,INR,IN,2026-09-15T16:31:46Z,WELCOME10
NC-100328,C0088,2026-09-11T02:44:55+05:30,delivered,INR,IN,2026-09-15T17:29:05Z,
NC-100407,C0104,2026-09-13T13:03:50+05:30,cancelled,USD,US,2026-09-14T05:34:10Z,
NC-100200,C0079,07/09/2026 00:39,paid,,IN,2026-09-07T02:50:24Z,
NC-100413,C0120,2026-09-13T13:50:59+05:30,placed,INR,IN,2026-09-13T08:21:04Z,FREESHIP
NC-100269,C0044,2026-09-09T02:41:04Z,placed,SGD,SG,2026-09-09T02:41:13Z,FESTIVE15
NC-100169,C0066,2026-09-06T10:50:52+05:30,shipped,INR,IN,2026-09-08T02:47:03Z,WELCOME10
NC-100027,C0009,2026-09-02T03:18:03+05:30,placed,USD,US,2026-09-01T21:48:29Z,
NC-100147,C0077,2026-09-05T10:48:53Z,paid,INR,IN,2026-09-05T11:10:58Z,VIP20
NC-100226,C0053,2026-09-08T01:39:48+05:30,paid,INR,IN,2026-09-07T22:37:59Z,FESTIVE15
NC-100256,C0097,08/09/2026 16:25,placed,INR,IN,2026-09-08T16:25:13Z,
NC-100082,C0020,2026-09-03T18:30:46+05:30,paid,INR,IN,2026-09-03T13:40:12Z,
NC-100126,C0121,04/09/2026 19:57,delivered,EUR,DE,2026-09-09T12:24:13Z,
NC-100211,C0115,2026-09-07T10:15:32Z,paid,INR,IN,2026-09-07T12:40:49Z,
NC-100031,C0906,01/09/2026 23:06,placed,GBP,GB,2026-09-01T23:06:06Z,
NC-100240,C0044,2026-09-08T04:32:39Z,paid,SGD,SG,2026-09-08T05:13:05Z,
NC-100057,C0038,2026-09-02T17:48:12Z,delivered,USD,US,2026-09-06T12:43:47Z,
NC-100128,C0005,2026-09-04T21:31:48Z,shipped,GBP,GB,2026-09-05T16:19:14Z,
NC-100369,C0004,2026-09-12T12:31:03+05:30,placed,INR,IN,2026-09-12T07:01:36Z,VIP20
NC-100421,C0068,2026-09-13T22:14:22+05:30,paid,INR,IN,2026-09-13T18:20:34Z,
NC-100310,C0107,10/09/2026 08:10,cancelled,GBP,SG,2026-09-11T12:08:05Z,
NC-100367,C0087,2026-09-12T02:45:20Z,placed,USD,US,2026-09-12T02:45:59Z,VIP20
NC-100075,C0051,2026-09-03T07:40:19Z,shipped,EUR,GB,2026-09-03T23:30:39Z,FESTIVE15
NC-100189,C0036,2026-09-06T17:36:03Z,shipped,USD,US,2026-09-08T21:32:21Z,
NC-100164,C0058,2026-09-06T03:22:09+05:30,shipped,,US,2026-09-06T06:55:35Z,
NC-100116,C0058,04/09/2026 10:00,shipped,USD,US,2026-09-06T18:34:34Z,VIP20
NC-100138,C0083,2026-09-05T03:17:02Z,paid,SGD,SG,2026-09-05T06:11:36Z,WELCOME10
NC-100340,C0035,11/09/2026 06:54,paid,INR,IN,2026-09-11T09:28:09Z,WELCOME10
NC-100413,C0120,2026-09-13T13:50:59+05:30,paid,INR,IN,2026-09-13T09:20:04Z,FREESHIP
NC-100282,C0130,2026-09-09T16:43:40+05:30,shipped,USD,IN,2026-09-10T04:16:19Z,FREESHIP
NC-100335,C0060,2026-09-11T10:10:49+05:30,delivered,USD,US,2026-09-14T04:06:59Z,
NC-100286,C0101,2026-09-09T20:51:55+05:30,delivered,EUR,DE,2026-09-14T10:40:26Z,WELCOME10
NC-100489,C0091,2026-09-16T00:15:10+05:30,paid,gbp,GB,2026-09-15T21:28:21Z,
NC-100211,C0115,2026-09-07T10:15:32Z,shipped,INR,IN,2026-09-08T03:40:49Z,
NC-100331,C0048,2026-09-11T01:13:39Z,paid,USD,US,2026-09-11T02:33:55Z,
NC-100408,C0091,13/09/2026 07:52,placed,GBP,GB,2026-09-13T07:52:39Z,
NC-100147,C0077,2026-09-05T10:48:53Z,placed,INR,IN,2026-09-05T10:48:58Z,VIP20
NC-100067,C0011,2026-09-03T00:29:43Z,cancelled,USD,US,2026-09-03T08:30:11Z,
NC-100307,C0032,2026-09-10T08:00:21Z,shipped,INR,IN,2026-09-11T00:17:51Z,FESTIVE15
NC-100215,C0126,2026-09-07T19:54:20+05:30,shipped,INR,IN,2026-09-08T09:58:37Z,WELCOME10
NC-100321,C0080,2026-09-10T21:12:18+05:30,placed,USD,US,2026-09-10T15:42:31Z,FREESHIP
NC-100415,C0091,2026-09-13T09:49:10Z,shipped,GBP,GB,2026-09-14T13:09:40Z,VIP20
NC-100349,C0020,2026-09-11T17:31:38+05:30,placed,INR,IN,2026-09-11T12:01:54Z,FREESHIP
NC-100104,C0068,2026-09-04T02:13:02Z,delivered,GBP,GB,2026-09-10T05:50:04Z,WELCOME10
NC-100199,C0066,07/09/2026 00:34,placed,,US,2026-09-07T00:34:03Z,WELCOME10
NC-100030,C0016,2026-09-02T03:45:57+05:30,delivered,GBP,GB,2026-09-07T08:17:13Z,
NC-100208,C0035,07/09/2026 06:28,delivered,GBP,IN,2026-09-10T15:39:09Z,FREESHIP
NC-100243,C0027,2026-09-08T11:04:32+05:30,paid,INR,IN,2026-09-08T07:09:38Z,VIP20
NC-100006,C0007,2026-09-01T06:23:25Z,delivered,GBP,GB,2026-09-04T04:33:37Z,WELCOME10
NC-100295,C0077,2026-09-09T23:36:38Z,delivered,INR,IN,2026-09-14T22:47:52Z,FESTIVE15
NC-100129,C0901,2026-09-04T21:41:16Z,shipped,EUR,DE,2026-09-05T06:22:18Z,FESTIVE15
NC-100074,C0104,2026-09-03T12:11:04+05:30,placed,INR,IN,2026-09-03T06:41:38Z,VIP20
NC-100360,C0123,2026-09-11T18:43:15Z,placed,USD,US,2026-09-11T18:43:42Z,
NC-100100,C0106,2026-09-04T01:17:48Z,delivered,USD,US,2026-09-09T08:23:12Z,VIP20
NC-100119,C0062,04/09/2026 13:39,delivered,INR,IN,2026-09-10T09:08:37Z,
NC-100096,C0077,2026-09-04T02:54:53+05:30,delivered,inr,IN,2026-09-10T12:03:22Z,FREESHIP
NC-100420,C0005,13/09/2026 15:43,cancelled,GBP,GB,2026-09-13T20:43:33Z,
NC-100445,C0082,2026-09-14T09:52:19Z,paid,GBP,GB,2026-09-14T12:40:31Z,VIP20
NC-100273,C0125,2026-09-09T08:20:31Z,placed,,DE,2026-09-09T08:20:53Z,FREESHIP
NC-100255,C0027,08/09/2026 16:08,shipped,INR,IN,2026-09-10T19:33:27Z,FESTIVE15
NC-100075,C0051,2026-09-03T07:40:19Z,paid,EUR,GB,2026-09-03T10:30:39Z,FESTIVE15
NC-100264,C0027,2026-09-09T05:18:29+05:30,shipped,INR,IN,2026-09-09T15:46:41Z,
NC-100216,C0062,2026-09-07T20:11:13+05:30,placed,INR,IN,2026-09-07T14:41:18Z,
NC-100185,C0109,06/09/2026 16:43,delivered,USD,IN,2026-09-11T18:20:24Z,WELCOME10
NC-100279,C0020,2026-09-09T15:28:37+05:30,delivered,INR,IN,2026-09-14T09:43:04Z,WELCOME10
NC-100377,C0056,12/09/2026 15:46,shipped,USD,DE,2026-09-13T07:16:06Z,
NC-100148,C0064,2026-09-05T11:00:47Z,placed,GBP,GB,2026-09-05T11:01:27Z,
NC-100377,C0056,12/09/2026 15:46,placed,USD,DE,2026-09-12T15:46:06Z,
NC-100453,C0012,2026-09-14T14:15:04Z,paid,INR,IN,2026-09-14T15:54:20Z,FESTIVE15
NC-100363,C0085,2026-09-12T05:13:53+05:30,placed,INR,IN,2026-09-11T23:44:28Z,
NC-100302,C0122,10/09/2026 03:33,placed,INR,IN,2026-09-10T03:33:05Z,
NC-100121,C0094,2026-09-04T21:31:18+05:30,placed,GBP,GB,2026-09-04T16:01:31Z,FREESHIP
NC-100001,C0123,2026-09-01T00:30:49Z,placed,GBP,SG,2026-09-01T00:30:52Z,VIP20
NC-100277,C0087,2026-09-09T09:25:12Z,shipped,USD,US,2026-09-10T00:21:51Z,VIP20
NC-100477,C0055,2026-09-15T10:53:14Z,placed,,GB,2026-09-15T10:53:37Z,VIP20
NC-100242,C0003,2026-09-08T11:03:08+05:30,paid,INR,IN,2026-09-08T07:15:18Z,FREESHIP
NC-100263,C0099,2026-09-09T04:48:30+05:30,paid,EUR,DE,2026-09-08T23:33:00Z,WELCOME10
NC-100244,C0044,2026-09-08T06:40:02Z,placed,SGD,SG,2026-09-08T06:40:37Z,VIP20
NC-100164,C0058,2026-09-06T03:22:09+05:30,placed,,US,2026-09-05T21:52:35Z,
NC-100087,C0055,2026-09-03T15:41:09Z,delivered,USD,GB,2026-09-10T14:44:38Z,VIP20
NC-100176,C0066,2026-09-06T11:15:58Z,shipped,,US,2026-09-08T04:31:18Z,FESTIVE15
NC-100202,C0020,2026-09-07T02:25:47Z,placed,USD,US,2026-09-07T02:25:57Z,WELCOME10
NC-100405,C0078,13/09/2026 06:26,shipped,EUR,GB,2026-09-14T18:31:20Z,
NC-100103,C0020,2026-09-04T06:55:08+05:30,shipped,INR,IN,2026-09-05T20:58:39Z,
NC-100029,C0067,01/09/2026 21:57,delivered,GBP,GB,2026-09-07T13:52:40Z,FESTIVE15
NC-100071,C0003,03/09/2026 02:23,placed,INR,IN,2026-09-03T02:23:27Z,FREESHIP
NC-100234,C0020,2026-09-08T06:46:15+05:30,placed,INR,IN,2026-09-08T01:16:30Z,
NC-100285,C0005,09/09/2026 13:26,paid,,GB,2026-09-09T15:43:10Z,WELCOME10
NC-100106,C0091,2026-09-04T03:58:51Z,paid,GBP,GB,2026-09-04T04:21:00Z,FREESHIP
NC-100044,C0114,02/09/2026 09:45,paid,SGD,SG,2026-09-02T11:17:22Z,
NC-100102,C0003,2026-09-04T06:55:01+05:30,shipped,INR,IN,2026-09-05T00:35:30Z,
NC-100204,C0046,07/09/2026 03:32,delivered,USD,US,2026-09-13T18:42:40Z,FREESHIP
NC-100467,C0111,2026-09-15T06:04:50Z,placed,USD,US,2026-09-15T06:05:01Z,
NC-100291,C0113,2026-09-09T23:55:31+05:30,shipped,INR,IN,2026-09-12T00:02:56Z,FESTIVE15
NC-100095,C0033,2026-09-03T21:23:58Z,placed,USD,US,2026-09-03T21:24:35Z,FESTIVE15
NC-100091,C0001,03/09/2026 17:49,placed,INR,IN,2026-09-03T17:49:14Z,
NC-100158,C0035,2026-09-06T00:17:26+05:30,shipped,INR,IN,2026-09-06T05:50:42Z,
NC-100303,C0093,2026-09-10T09:13:53+05:30,delivered,INR,IN,2026-09-14T15:59:08Z,VIP20
NC-100424,C0077,2026-09-13T23:28:53+05:30,paid,INR,IN,2026-09-13T20:39:29Z,
NC-100216,C0062,2026-09-07T20:11:13+05:30,paid,INR,IN,2026-09-07T16:00:18Z,
NC-100451,C0058,2026-09-14T13:32:10Z,placed,USD,US,2026-09-14T13:32:42Z,FESTIVE15
NC-100411,C0027,2026-09-13T08:09:24Z,placed,INR,IN,2026-09-13T08:09:47Z,WELCOME10
NC-100317,C0007,10/09/2026 13:16,shipped,inr,IN,2026-09-12T01:05:05Z,VIP20
NC-100089,C0032,03/09/2026 17:34,shipped,INR,IN,2026-09-04T15:31:11Z,
NC-100098,C0011,2026-09-04T04:54:13+05:30,shipped,USD,US,2026-09-04T17:53:51Z,FREESHIP
NC-100464,C0090,15/09/2026 04:29,placed,INR,IN,2026-09-15T04:29:36Z,FESTIVE15
NC-100412,C0066,2026-09-13T08:19:08Z,placed,,GB,2026-09-13T08:19:36Z,
NC-100201,C0003,2026-09-07T07:05:19+05:30,paid,INR,IN,2026-09-07T02:22:32Z,
NC-100179,C0027,2026-09-06T19:33:48+05:30,delivered,USD,IN,2026-09-11T11:10:50Z,
NC-100085,C0035,2026-09-03T14:43:42Z,placed,USD,US,2026-09-03T14:43:44Z,
NC-100048,C0066,2026-09-02T16:38:06+05:30,paid,INR,IN,2026-09-02T12:47:20Z,
NC-100300,C0066,2026-09-10T07:39:19+05:30,shipped,inr,IN,2026-09-12T04:16:23Z,VIP20
NC-100149,C0091,2026-09-05T11:24:58Z,placed,GBP,GB,2026-09-05T11:25:10Z,
NC-100261,C0062,2026-09-09T03:44:17+05:30,delivered,INR,IN,2026-09-13T11:47:21Z,VIP20
NC-100140,C0081,05/09/2026 04:01,delivered,SGD,SG,2026-09-12T02:06:04Z,WELCOME10
NC-100095,C0033,2026-09-03T21:23:58Z,shipped,USD,US,2026-09-04T15:36:35Z,FESTIVE15
NC-100101,C0101,2026-09-04T01:24:40Z,placed,EUR,DE,2026-09-04T01:24:43Z,FESTIVE15
NC-100092,C0038,03/09/2026 20:41,delivered,USD,US,2026-09-09T02:16:24Z,FREESHIP
NC-100038,C0020,2026-09-02T12:53:39+05:30,paid,usd,IN,2026-09-02T09:19:45Z,
NC-100064,C0079,02/09/2026 21:49,delivered,EUR,IN,2026-09-08T13:48:26Z,
NC-100101,C0101,2026-09-04T01:24:40Z,paid,EUR,DE,2026-09-04T01:47:43Z,FESTIVE15
NC-100291,C0113,2026-09-09T23:55:31+05:30,placed,INR,IN,2026-09-09T18:25:56Z,FESTIVE15
NC-100173,C0113,2026-09-06T15:21:27+05:30,paid,INR,IN,2026-09-06T11:31:49Z,WELCOME10
NC-100239,C0072,2026-09-08T04:23:12Z,placed,GBP,GB,2026-09-08T04:23:21Z,FREESHIP
NC-100271,C0097,2026-09-09T05:25:57Z,placed,INR,IN,2026-09-09T05:26:25Z,
NC-100373,C0066,2026-09-12T16:59:51+05:30,delivered,INR,IN,2026-09-15T12:41:53Z,FESTIVE15
NC-100435,C0035,2026-09-14T08:48:42+05:30,paid,GBP,IN,2026-09-14T05:15:22Z,
NC-100071,C0003,03/09/2026 02:23,paid,INR,IN,2026-09-03T05:11:27Z,FREESHIP
NC-100410,C0066,2026-09-13T13:31:45+05:30,shipped,INR,IN,2026-09-13T22:20:56Z,FREESHIP
NC-100047,C0026,2026-09-02T16:23:24+05:30,delivered,INR,IN,2026-09-08T11:27:03Z,
NC-100094,C0079,2026-09-04T02:24:06+05:30,paid,INR,IN,2026-09-03T21:09:39Z,FESTIVE15
NC-100250,C0019,08/09/2026 11:04,shipped,USD,US,2026-09-08T20:22:10Z,
NC-100085,C0035,2026-09-03T14:43:42Z,paid,USD,US,2026-09-03T16:48:44Z,
NC-100168,C0904,2026-09-06T07:20:17+05:30,delivered,INR,IN,2026-09-11T13:44:54Z,WELCOME10
NC-100034,C0020,02/09/2026 03:15,delivered,USD,US,2026-09-08T04:22:37Z,WELCOME10
NC-100173,C0113,2026-09-06T15:21:27+05:30,shipped,INR,IN,2026-09-08T18:31:49Z,WELCOME10
NC-100290,C0058,2026-09-09T17:22:08Z,delivered,USD,US,2026-09-15T19:51:22Z,VIP20
NC-100037,C0049,2026-09-02T05:32:52Z,placed,,GB,2026-09-02T05:33:20Z,WELCOME10
NC-100248,C0020,2026-09-08T14:26:22+05:30,cancelled,INR,IN,2026-09-08T14:05:53Z,VIP20
NC-100413,C0120,2026-09-13T13:50:59+05:30,cancelled,INR,IN,2026-09-13T11:20:04Z,FREESHIP
NC-100101,C0101,2026-09-04T01:24:40Z,delivered,EUR,DE,2026-09-08T13:47:43Z,FESTIVE15
NC-100446,C0082,2026-09-14T09:55:57Z,shipped,GBP,GB,2026-09-14T21:33:02Z,
NC-100418,C0055,2026-09-13T13:22:42Z,placed,EUR,DE,2026-09-13T13:23:07Z,
NC-100057,C0038,2026-09-02T17:48:12Z,placed,,US,2026-09-02T17:48:47Z,
NC-100063,C0044,2026-09-02T20:10:38Z,shipped,SGD,SG,2026-09-03T19:58:58Z,FESTIVE15
NC-100387,C0087,2026-09-12T17:45:01Z,placed,USD,US,2026-09-12T17:45:39Z,VIP20
NC-100435,C0035,2026-09-14T08:48:42+05:30,placed,GBP,IN,2026-09-14T03:19:22Z,
NC-100005,C0003,01/09/2026 03:04,shipped,INR,IN,2026-09-03T11:32:29Z,VIP20
NC-100415,C0091,2026-09-13T09:49:10Z,paid,GBP,GB,2026-09-13T11:09:40Z,VIP20
NC-100105,C0027,2026-09-04T03:50:50Z,paid,inr,IN,2026-09-04T05:31:12Z,WELCOME10
NC-100158,C0035,2026-09-06T00:17:26+05:30,delivered,INR,IN,2026-09-09T22:50:42Z,
NC-100005,C0003,01/09/2026 03:04,delivered,INR,IN,2026-09-06T12:32:29Z,VIP20
NC-100047,C0026,2026-09-02T16:23:24+05:30,shipped,INR,IN,2026-09-04T21:27:03Z,
NC-100131,C0020,2026-09-05T05:00:30+05:30,paid,INR,IN,2026-09-05T01:49:51Z,FESTIVE15
NC-100005,C0003,01/09/2026 03:04,placed,INR,IN,2026-09-01T03:04:29Z,VIP20
NC-100462,C0044,2026-09-14T22:01:18Z,paid,SGD,SG,2026-09-14T23:43:31Z,
NC-100141,C0111,05/09/2026 04:40,shipped,USD,US,2026-09-07T09:30:38Z,FESTIVE15
NC-100036,C0079,02/09/2026 03:57,placed,SGD,SG,2026-09-02T03:57:30Z,FESTIVE15
NC-100094,C0079,2026-09-04T02:24:06+05:30,delivered,INR,IN,2026-09-11T15:09:39Z,FESTIVE15
NC-100184,C0011,2026-09-06T16:23:14Z,paid,USD,US,2026-09-06T17:05:50Z,WELCOME10
NC-100430,C0087,2026-09-14T00:16:11Z,placed,USD,US,2026-09-14T00:16:31Z,FESTIVE15
NC-100257,C0098,2026-09-08T22:34:31+05:30,paid,INR,IN,2026-09-08T18:42:40Z,
NC-100381,C0061,2026-09-12T16:11:24Z,paid,EUR,DE,2026-09-12T17:25:40Z,
NC-100326,C0027,2026-09-10T22:01:05+05:30,delivered,INR,IN,2026-09-15T14:33:34Z,WELCOME10
NC-100110,C0027,04/09/2026 06:40,delivered,INR,IN,2026-09-07T15:26:21Z,FREESHIP
NC-100080,C0036,03/09/2026 10:57,paid,SGD,SG,2026-09-03T13:15:33Z,WELCOME10
NC-100106,C0091,2026-09-04T03:58:51Z,delivered,GBP,GB,2026-09-08T18:21:00Z,FREESHIP
NC-100156,C0079,2026-09-05T23:27:23+05:30,placed,INR,IN,2026-09-05T17:57:50Z,FESTIVE15
NC-100200,C0079,07/09/2026 00:39,placed,,IN,2026-09-07T00:39:24Z,
NC-100109,C0053,2026-09-04T06:05:51Z,shipped,INR,IN,2026-09-05T18:42:12Z,WELCOME10
NC-100476,C0091,2026-09-15T10:48:36Z,placed,GBP,GB,2026-09-15T10:48:44Z,FESTIVE15
NC-100148,C0064,2026-09-05T11:00:47Z,delivered,GBP,GB,2026-09-12T06:32:27Z,
NC-100312,C0035,2026-09-10T15:17:03+05:30,placed,INR,IN,2026-09-10T09:47:19Z,WELCOME10
NC-100388,C0065,12/09/2026 18:43,paid,USD,US,2026-09-12T21:31:05Z,FESTIVE15
NC-100075,C0051,2026-09-03T07:40:19Z,delivered,EUR,GB,2026-09-07T22:30:39Z,FESTIVE15
NC-100104,C0068,2026-09-04T02:13:02Z,placed,GBP,GB,2026-09-04T02:13:04Z,WELCOME10
NC-100182,C0104,2026-09-06T20:14:37+05:30,paid,INR,IN,2026-09-06T15:13:53Z,FREESHIP
NC-100019,C0027,2026-09-01T22:40:17+05:30,delivered,INR,IN,2026-09-06T13:39:33Z,
NC-100022,C0045,2026-09-01T19:31:54Z,placed,INR,IN,2026-09-01T19:32:12Z,
NC-100443,C0076,2026-09-14T08:02:46Z,placed,,GB,2026-09-14T08:03:18Z,WELCOME10
NC-100162,C0097,2026-09-06T01:41:29+05:30,paid,gbp,IN,2026-09-05T22:10:38Z,WELCOME10
NC-100190,C0011,06/09/2026 17:55,paid,USD,US,2026-09-06T19:49:37Z,
NC-100209,C0089,2026-09-07T08:12:46Z,placed,USD,US,2026-09-07T08:13:16Z,FESTIVE15
NC-100250,C0019,08/09/2026 11:04,delivered,USD,US,2026-09-11T05:22:10Z,
NC-100360,C0123,2026-09-11T18:43:15Z,paid,USD,US,2026-09-11T19:32:42Z,
NC-100038,C0020,2026-09-02T12:53:39+05:30,delivered,USD,IN,2026-09-05T17:19:45Z,
NC-100369,C0004,2026-09-12T12:31:03+05:30,paid,INR,IN,2026-09-12T09:35:36Z,VIP20
NC-100129,C0901,2026-09-04T21:41:16Z,paid,EUR,DE,2026-09-04T22:22:18Z,FESTIVE15
NC-100352,C0046,2026-09-11T13:15:48Z,delivered,USD,US,2026-09-14T17:25:17Z,WELCOME10
NC-100011,C0091,01/09/2026 09:05,placed,GBP,GB,2026-09-01T09:05:40Z,FREESHIP
NC-100455,C0039,14/09/2026 15:22,placed,EUR,DE,2026-09-14T15:22:23Z,FESTIVE15
NC-100252,C0027,08/09/2026 12:44,placed,INR,IN,2026-09-08T12:44:02Z,VIP20
NC-100112,C0043,04/09/2026 07:46,placed,EUR,DE,2026-09-04T07:46:38Z,VIP20
NC-100122,C0027,2026-09-04T21:42:13+05:30,placed,INR,IN,2026-09-04T16:12:34Z,WELCOME10
NC-100373,C0066,2026-09-12T16:59:51+05:30,placed,INR,IN,2026-09-12T11:29:53Z,FESTIVE15
NC-100023,C0110,01/09/2026 19:34,placed,usd,GB,2026-09-01T19:34:02Z,WELCOME10
NC-100059,C0035,02/09/2026 17:54,placed,INR,IN,2026-09-02T17:54:24Z,FESTIVE15
NC-100452,C0058,2026-09-14T13:53:57Z,placed,USD,US,2026-09-14T13:54:00Z,FREESHIP
NC-100454,C0044,2026-09-14T20:06:11+05:30,placed,SGD,SG,2026-09-14T14:36:34Z,
NC-100455,C0039,14/09/2026 15:22,shipped,EUR,DE,2026-09-15T09:30:23Z,FESTIVE15
NC-100131,C0020,2026-09-05T05:00:30+05:30,cancelled,INR,IN,2026-09-06T01:49:51Z,FESTIVE15
NC-100290,C0058,2026-09-09T17:22:08Z,paid,USD,US,2026-09-09T17:51:22Z,VIP20
NC-100317,C0007,10/09/2026 13:16,placed,inr,IN,2026-09-10T13:16:05Z,VIP20
NC-100485,C0011,2026-09-15T14:58:06Z,placed,USD,US,2026-09-15T14:58:16Z,
NC-100345,C0114,2026-09-11T09:37:27Z,paid,EUR,DE,2026-09-11T12:37:32Z,FESTIVE15
NC-100208,C0035,07/09/2026 06:28,placed,GBP,IN,2026-09-07T06:28:09Z,FREESHIP
NC-100049,C0108,02/09/2026 12:32,placed,INR,IN,2026-09-02T12:32:23Z,FREESHIP
NC-100142,C0044,2026-09-05T10:27:45+05:30,paid,SGD,SG,2026-09-05T06:50:02Z,
NC-100205,C0056,2026-09-07T04:08:56Z,delivered,,IN,2026-09-13T19:53:23Z,FREESHIP
NC-100475,C0027,2026-09-15T15:28:14+05:30,placed,INR,IN,2026-09-15T09:58:27Z,FESTIVE15
NC-100169,C0066,2026-09-06T10:50:52+05:30,delivered,INR,IN,2026-09-10T07:47:03Z,WELCOME10
NC-100266,C0066,2026-09-09T06:30:55+05:30,paid,INR,IN,2026-09-09T03:58:03Z,
NC-100172,C0066,06/09/2026 08:53,delivered,INR,IN,2026-09-09T19:52:28Z,FESTIVE15
NC-100024,C0027,01/09/2026 20:05,delivered,INR,IN,2026-09-08T18:45:27Z,FREESHIP
NC-100120,C0058,2026-09-04T14:35:55Z,cancelled,USD,US,2026-09-05T20:36:30Z,WELCOME10
NC-100422,C0022,2026-09-13T22:30:07+05:30,placed,USD,US,2026-09-13T17:00:11Z,
NC-100363,C0085,2026-09-12T05:13:53+05:30,paid,INR,IN,2026-09-12T00:26:28Z,
NC-100418,C0055,2026-09-13T13:22:42Z,paid,EUR,DE,2026-09-13T15:26:07Z,
NC-100443,C0076,2026-09-14T08:02:46Z,paid,GBP,GB,2026-09-14T09:01:18Z,WELCOME10
NC-100448,C0044,2026-09-14T11:32:36Z,placed,GBP,GB,2026-09-14T11:32:59Z,FESTIVE15
NC-100115,C0011,2026-09-04T09:21:20Z,placed,USD,US,2026-09-04T09:21:40Z,
NC-100219,C0067,07/09/2026 15:37,delivered,gbp,GB,2026-09-13T11:40:26Z,
NC-100294,C0049,09/09/2026 21:47,shipped,GBP,GB,2026-09-10T23:00:03Z,WELCOME10
NC-100278,C0020,09/09/2026 09:47,placed,INR,IN,2026-09-09T09:47:11Z,WELCOME10
NC-100458,C0093,2026-09-15T00:38:33+05:30,placed,INR,IN,2026-09-14T19:09:06Z,FESTIVE15
NC-100060,C0039,2026-09-02T19:38:31Z,placed,,SG,2026-09-02T19:38:45Z,
NC-100194,C0043,2026-09-06T20:23:49Z,delivered,EUR,DE,2026-09-10T23:38:07Z,
NC-100421,C0068,2026-09-13T22:14:22+05:30,placed,INR,IN,2026-09-13T16:44:34Z,
NC-100482,C0091,15/09/2026 13:17,placed,,GB,2026-09-15T13:17:26Z,VIP20
NC-100276,C0015,09/09/2026 09:16,cancelled,INR,IN,2026-09-10T20:43:27Z,
NC-100313,C0020,10/09/2026 10:02,delivered,INR,IN,2026-09-15T14:12:04Z,FREESHIP
NC-100222,C0091,07/09/2026 16:23,placed,GBP,GB,2026-09-07T16:23:40Z,FESTIVE15
NC-100401,C0066,2026-09-13T08:32:06+05:30,shipped,INR,IN,2026-09-14T06:01:41Z,FESTIVE15
NC-100101,C0101,2026-09-04T01:24:40Z,shipped,EUR,DE,2026-09-05T05:47:43Z,FESTIVE15
NC-100304,C0079,2026-09-10T09:56:44+05:30,paid,INR,IN,2026-09-10T06:45:59Z,
NC-100058,C0079,02/09/2026 17:48,placed,INR,IN,2026-09-02T17:48:18Z,WELCOME10
NC-100123,C0108,2026-09-04T17:14:08Z,placed,SGD,SG,2026-09-04T17:14:26Z,
NC-100008,C0053,2026-09-01T12:55:55+05:30,placed,INR,IN,2026-09-01T07:26:06Z,VIP20
NC-100020,C0069,2026-09-01T17:50:32Z,delivered,,US,2026-09-06T00:28:39Z,
NC-100021,C0058,2026-09-01T18:40:14Z,placed,,US,2026-09-01T18:40:31Z,FESTIVE15
NC-100105,C0027,2026-09-04T03:50:50Z,placed,inr,IN,2026-09-04T03:51:12Z,WELCOME10
NC-100010,C0079,01/09/2026 08:30,paid,SGD,SG,2026-09-01T09:55:23Z,FREESHIP
NC-100358,C0066,11/09/2026 18:12,placed,INR,IN,2026-09-11T18:12:02Z,FESTIVE15
NC-100024,C0027,01/09/2026 20:05,placed,INR,IN,2026-09-01T20:05:27Z,FREESHIP
NC-100225,C0102,07/09/2026 19:55,shipped,SGD,SG,2026-09-09T13:10:22Z,VIP20
NC-100261,C0062,2026-09-09T03:44:17+05:30,placed,INR,IN,2026-09-08T22:14:21Z,VIP20
NC-100095,C0033,2026-09-03T21:23:58Z,paid,USD,US,2026-09-03T22:36:35Z,FESTIVE15
NC-100180,C0066,2026-09-06T19:45:36+05:30,shipped,INR,IN,2026-09-09T00:09:52Z,FREESHIP
NC-100107,C0058,04/09/2026 05:19,placed,USD,US,2026-09-04T05:19:40Z,
NC-100249,C0123,08/09/2026 09:52,delivered,USD,US,2026-09-14T20:03:12Z,
NC-100132,C0070,2026-09-04T23:45:13Z,delivered,EUR,DE,2026-09-08T12:25:50Z,FESTIVE15
NC-100207,C0091,07/09/2026 05:15,placed,USD,GB,2026-09-07T05:15:28Z,
NC-100086,C0003,2026-09-03T21:10:05+05:30,paid,inr,IN,2026-09-03T17:14:41Z,FREESHIP
NC-100129,C0901,2026-09-04T21:41:16Z,placed,EUR,DE,2026-09-04T21:41:18Z,FESTIVE15
NC-100266,C0066,2026-09-09T06:30:55+05:30,shipped,INR,IN,2026-09-11T07:58:03Z,
NC-100232,C0071,08/09/2026 00:01,shipped,USD,US,2026-09-10T09:45:26Z,VIP20
NC-100216,C0062,2026-09-07T20:11:13+05:30,cancelled,INR,IN,2026-09-08T23:00:18Z,
NC-100263,C0099,2026-09-09T04:48:30+05:30,placed,EUR,DE,2026-09-08T23:19:00Z,WELCOME10
NC-100304,C0079,2026-09-10T09:56:44+05:30,shipped,INR,IN,2026-09-10T16:45:59Z,
NC-100369,C0004,2026-09-12T12:31:03+05:30,paid,INR,IN,2026-09-12T09:35:36Z,VIP20
NC-100343,C0021,11/09/2026 07:25,paid,INR,IN,2026-09-11T08:00:10Z,
NC-100258,C0035,2026-09-09T00:55:13+05:30,delivered,inr,IN,2026-09-15T14:00:51Z,FESTIVE15
NC-100270,C0027,2026-09-09T05:00:52Z,paid,EUR,DE,2026-09-09T07:20:11Z,FESTIVE15
NC-100409,C0044,2026-09-13T07:53:53Z,placed,SGD,SG,2026-09-13T07:54:12Z,VIP20
NC-100395,C0058,2026-09-12T21:34:38Z,paid,GBP,US,2026-09-12T21:45:40Z,
NC-100141,C0111,05/09/2026 04:40,delivered,USD,US,2026-09-09T14:30:38Z,FESTIVE15
NC-100091,C0001,03/09/2026 17:49,paid,INR,IN,2026-09-03T20:46:14Z,
NC-100357,C0044,2026-09-11T18:11:36Z,paid,SGD,SG,2026-09-11T19:43:06Z,FREESHIP
NC-100247,C0030,2026-09-08T08:44:49Z,placed,SGD,SG,2026-09-08T08:45:19Z,
NC-100230,C0067,07/09/2026 21:55,shipped,GBP,GB,2026-09-09T16:24:05Z,
NC-100242,C0003,2026-09-08T11:03:08+05:30,placed,INR,IN,2026-09-08T05:33:18Z,FREESHIP
NC-100111,C0078,04/09/2026 07:44,placed,EUR,DE,2026-09-04T07:44:04Z,FESTIVE15
NC-100288,C0037,2026-09-09T16:25:14Z,delivered,USD,US,2026-09-14T17:09:21Z,
NC-100016,C0114,2026-09-01T11:47:38Z,delivered,EUR,DE,2026-09-04T16:50:53Z,
NC-100347,C0109,11/09/2026 10:08,placed,INR,IN,2026-09-11T10:08:10Z,
NC-100195,C0020,06/09/2026 20:25,delivered,INR,IN,2026-09-12T00:50:33Z,
NC-100029,C0067,01/09/2026 21:57,placed,GBP,GB,2026-09-01T21:57:40Z,FESTIVE15
NC-100278,C0020,09/09/2026 09:47,delivered,INR,IN,2026-09-14T19:45:11Z,WELCOME10
NC-100327,C0066,2026-09-11T00:51:30+05:30,placed,INR,IN,2026-09-10T19:21:35Z,
NC-100010,C0079,01/09/2026 08:30,delivered,SGD,SG,2026-09-04T15:55:23Z,FREESHIP
NC-100386,C0025,2026-09-12T17:24:20Z,placed,GBP,GB,2026-09-12T17:24:46Z,
NC-100078,C0006,2026-09-03T10:17:26Z,placed,USD,US,2026-09-03T10:18:00Z,VIP20
NC-100306,C0091,10/09/2026 07:01,paid,GBP,GB,2026-09-10T07:18:16Z,VIP20
NC-100205,C0056,2026-09-07T04:08:56Z,placed,,IN,2026-09-07T04:09:23Z,FREESHIP
NC-100316,C0079,2026-09-10T17:55:01+05:30,paid,INR,IN,2026-09-10T14:24:39Z,FESTIVE15
NC-100360,C0123,2026-09-11T18:43:15Z,shipped,USD,US,2026-09-12T04:32:42Z,
NC-100379,C0083,12/09/2026 15:53,shipped,SGD,SG,2026-09-13T08:51:25Z,FREESHIP
NC-100048,C0066,2026-09-02T16:38:06+05:30,placed,INR,IN,2026-09-02T11:08:20Z,
NC-100168,C0904,2026-09-06T07:20:17+05:30,placed,INR,IN,2026-09-06T01:50:54Z,WELCOME10
NC-100403,C0064,2026-09-13T09:05:07+05:30,placed,GBP,GB,2026-09-13T03:35:45Z,
NC-100015,C0904,2026-09-01T16:44:53+05:30,placed,GBP,GB,2026-09-01T11:15:18Z,
NC-100181,C0087,06/09/2026 14:32,placed,,US,2026-09-06T14:32:24Z,
NC-100043,C0091,02/09/2026 09:42,placed,GBP,GB,2026-09-02T09:42:07Z,FESTIVE15
NC-100460,C0011,2026-09-14T19:43:52Z,placed,,US,2026-09-14T19:44:06Z,
NC-100305,C0105,2026-09-10T05:41:40Z,paid,GBP,GB,2026-09-10T07:10:00Z,FREESHIP
NC-100376,C0024,2026-09-12T21:14:49+05:30,placed,INR,IN,2026-09-12T15:45:10Z,VIP20
NC-100149,C0091,2026-09-05T11:24:58Z,paid,GBP,GB,2026-09-05T14:21:10Z,
NC-100429,C0003,13/09/2026 22:27,placed,INR,IN,2026-09-13T22:27:15Z,
NC-100470,C0091,2026-09-15T19:29:11Z,placed,GBP,GB,2026-09-15T19:29:42Z,FREESHIP
NC-100201,C0003,2026-09-07T07:05:19+05:30,delivered,INR,IN,2026-09-11T13:22:32Z,
NC-100003,C0026,2026-09-01T01:29:48Z,delivered,INR,IN,2026-09-07T20:06:51Z,WELCOME10
NC-100122,C0027,2026-09-04T21:42:13+05:30,shipped,INR,IN,2026-09-05T19:28:34Z,WELCOME10
NC-100469,C0076,2026-09-15T13:27:35+05:30,paid,,IN,2026-09-15T09:21:49Z,VIP20
NC-100146,C0091,2026-09-05T16:02:42+05:30,cancelled,EUR,GB,2026-09-05T20:32:56Z,
NC-100240,C0044,2026-09-08T04:32:39Z,delivered,SGD,SG,2026-09-12T04:13:05Z,
NC-100066,C0003,2026-09-03T05:22:19+05:30,placed,,IN,2026-09-02T23:52:53Z,
NC-100116,C0058,04/09/2026 10:00,placed,USD,US,2026-09-04T10:00:34Z,VIP20
NC-100334,C0083,2026-09-11T03:31:30Z,paid,SGD,SG,2026-09-11T04:42:59Z,WELCOME10
NC-100350,C0035,2026-09-11T12:18:54Z,delivered,INR,IN,2026-09-15T18:14:16Z,WELCOME10
NC-100153,C0130,05/09/2026 15:19,placed,INR,IN,2026-09-05T15:19:04Z,
NC-100065,C0063,2026-09-02T23:11:59Z,delivered,SGD,SG,2026-09-09T14:30:29Z,FREESHIP
NC-100228,C0118,2026-09-07T20:59:50Z,shipped,GBP,GB,2026-09-09T10:11:24Z,
NC-100212,C0037,07/09/2026 11:25,placed,USD,US,2026-09-07T11:25:22Z,FESTIVE15
NC-100340,C0035,11/09/2026 06:54,placed,INR,IN,2026-09-11T06:54:09Z,WELCOME10
NC-100139,C0016,2026-09-05T03:37:15Z,shipped,SGD,SG,2026-09-05T21:05:25Z,WELCOME10
NC-100440,C0079,2026-09-14T11:57:50+05:30,placed,INR,IN,2026-09-14T06:28:29Z,
NC-100219,C0067,07/09/2026 15:37,placed,gbp,GB,2026-09-07T15:37:26Z,
NC-100010,C0079,01/09/2026 08:30,placed,SGD,SG,2026-09-01T08:30:23Z,FREESHIP
NC-100324,C0020,2026-09-10T16:23:58Z,placed,INR,IN,2026-09-10T16:24:03Z,FESTIVE15
NC-100149,C0091,2026-09-05T11:24:58Z,cancelled,GBP,GB,2026-09-06T03:21:10Z,
NC-100284,C0052,2026-09-09T17:16:58+05:30,paid,INR,IN,2026-09-09T13:09:19Z,
NC-100223,C0046,2026-09-07T18:30:07Z,cancelled,USD,US,2026-09-07T22:03:42Z,
NC-100220,C0010,07/09/2026 15:55,placed,INR,IN,2026-09-07T15:55:25Z,
NC-100041,C0003,2026-09-02T13:28:43+05:30,delivered,INR,IN,2026-09-09T22:15:20Z,
NC-100343,C0021,11/09/2026 07:25,shipped,INR,IN,2026-09-13T12:00:10Z,
NC-100022,C0045,2026-09-01T19:31:54Z,shipped,INR,IN,2026-09-02T21:01:12Z,
NC-100252,C0027,08/09/2026 12:44,shipped,INR,IN,2026-09-09T09:35:02Z,VIP20
NC-100074,C0104,2026-09-03T12:11:04+05:30,paid,inr,IN,2026-09-03T08:32:38Z,VIP20
NC-100230,C0067,07/09/2026 21:55,placed,GBP,GB,2026-09-07T21:55:05Z,
NC-100052,C0114,02/09/2026 14:21,placed,GBP,DE,2026-09-02T14:21:37Z,
NC-100037,C0049,2026-09-02T05:32:52Z,delivered,GBP,GB,2026-09-09T21:05:20Z,WELCOME10
NC-100208,C0035,07/09/2026 06:28,shipped,GBP,IN,2026-09-07T15:39:09Z,FREESHIP
NC-100267,C0076,2026-09-09T06:31:52+05:30,placed,INR,IN,2026-09-09T01:02:29Z,
NC-100366,C0001,2026-09-12T02:33:26Z,shipped,INR,IN,2026-09-13T14:44:38Z,
NC-100287,C0027,2026-09-09T21:44:52+05:30,delivered,INR,IN,2026-09-14T21:51:03Z,FREESHIP
NC-100046,C0005,2026-09-02T15:48:34+05:30,placed,GBP,GB,2026-09-02T10:18:59Z,VIP20
NC-100102,C0003,2026-09-04T06:55:01+05:30,delivered,INR,IN,2026-09-07T20:35:30Z,
NC-100265,C0097,2026-09-09T00:45:50Z,delivered,,IN,2026-09-15T01:53:27Z,FREESHIP
NC-100093,C0003,2026-09-04T02:19:16+05:30,delivered,INR,IN,2026-09-08T15:02:35Z,VIP20
NC-100122,C0027,2026-09-04T21:42:13+05:30,delivered,INR,IN,2026-09-11T00:28:34Z,WELCOME10
NC-100077,C0071,03/09/2026 09:31,placed,usd,US,2026-09-03T09:31:28Z,VIP20
NC-100023,C0110,01/09/2026 19:34,delivered,usd,GB,2026-09-07T07:40:02Z,WELCOME10
NC-100265,C0097,2026-09-09T00:45:50Z,placed,,IN,2026-09-09T00:46:27Z,FREESHIP
NC-100398,C0112,2026-09-13T06:15:26+05:30,placed,INR,IN,2026-09-13T00:45:59Z,
NC-100188,C0053,2026-09-06T17:23:20Z,paid,EUR,GB,2026-09-06T18:44:54Z,
NC-100420,C0005,13/09/2026 15:43,placed,GBP,GB,2026-09-13T15:43:33Z,
NC-100494,C0121,2026-09-15T23:08:05Z,placed,EUR,DE,2026-09-15T23:08:27Z,WELCOME10
NC-100041,C0003,2026-09-02T13:28:43+05:30,placed,INR,IN,2026-09-02T07:59:20Z,
NC-100038,C0020,2026-09-02T12:53:39+05:30,placed,usd,IN,2026-09-02T07:23:45Z,
NC-100157,C0080,05/09/2026 18:43,paid,USD,US,2026-09-05T19:01:03Z,
NC-100076,C0044,2026-09-03T09:05:13Z,placed,EUR,DE,2026-09-03T09:05:22Z,FESTIVE15
NC-100106,C0091,2026-09-04T03:58:51Z,shipped,GBP,GB,2026-09-04T15:21:00Z,FREESHIP
NC-100318,C0070,2026-09-10T13:53:28Z,delivered,EUR,DE,2026-09-14T10:16:52Z,
NC-100488,C0035,2026-09-16T02:29:13+05:30,placed,INR,IN,2026-09-15T20:59:49Z,VIP20
NC-100150,C0067,2026-09-05T17:47:53+05:30,placed,,GB,2026-09-05T12:18:13Z,FESTIVE15
NC-100333,C0058,2026-09-11T03:28:11Z,placed,USD,US,2026-09-11T03:28:51Z,WELCOME10
NC-100163,C0117,05/09/2026 21:15,delivered,USD,SG,2026-09-09T05:02:13Z,
NC-100145,C0059,2026-09-05T13:56:45+05:30,shipped,USD,GB,2026-09-07T16:44:54Z,FREESHIP
NC-100083,C0121,2026-09-03T13:44:36Z,paid,EUR,DE,2026-09-03T15:52:41Z,
NC-100412,C0066,2026-09-13T08:19:08Z,shipped,GBP,GB,2026-09-15T20:02:36Z,
NC-100459,C0049,2026-09-14T19:28:00Z,paid,GBP,GB,2026-09-14T21:00:11Z,
NC-100004,C0085,01/09/2026 01:53,shipped,INR,IN,2026-09-02T11:27:03Z,
NC-100382,C0003,12/09/2026 16:30,paid,INR,IN,2026-09-12T17:17:29Z,
NC-100039,C0125,2026-09-02T07:31:38Z,cancelled,EUR,DE,2026-09-03T12:48:48Z,
NC-100313,C0020,10/09/2026 10:02,shipped,INR,IN,2026-09-11T19:12:04Z,FREESHIP
NC-100125,C0037,2026-09-04T19:49:24Z,shipped,,US,2026-09-05T10:13:36Z,FREESHIP
NC-100041,C0003,2026-09-02T13:28:43+05:30,paid,INR,IN,2026-09-02T08:15:20Z,
NC-100259,C0027,2026-09-08T20:20:12Z,placed,eur,DE,2026-09-08T20:20:37Z,
NC-100312,C0035,2026-09-10T15:17:03+05:30,paid,INR,IN,2026-09-10T10:37:19Z,WELCOME10
NC-100237,C0003,2026-09-08T03:35:05Z,cancelled,INR,IN,2026-09-09T22:35:18Z,FESTIVE15
NC-100070,C0035,2026-09-03T06:52:38+05:30,placed,,IN,2026-09-03T01:23:08Z,VIP20
NC-100400,C0079,2026-09-13T07:28:04+05:30,placed,inr,IN,2026-09-13T01:58:41Z,FREESHIP
NC-100293,C0003,09/09/2026 20:26,placed,,IN,2026-09-09T20:26:37Z,VIP20
NC-100176,C0066,2026-09-06T11:15:58Z,placed,,US,2026-09-06T11:16:18Z,FESTIVE15
NC-100063,C0044,2026-09-02T20:10:38Z,placed,SGD,SG,2026-09-02T20:10:58Z,FESTIVE15
NC-100238,C0011,2026-09-08T03:55:32Z,shipped,,US,2026-09-09T02:18:34Z,
NC-100250,C0019,08/09/2026 11:04,paid,USD,US,2026-09-08T11:22:10Z,
NC-100127,C0113,04/09/2026 21:01,placed,,IN,2026-09-04T21:01:10Z,VIP20
NC-100372,C0066,2026-09-12T11:16:45Z,placed,GBP,GB,2026-09-12T11:17:00Z,FESTIVE15
NC-100426,C0059,2026-09-13T19:11:01Z,placed,GBP,GB,2026-09-13T19:11:29Z,FESTIVE15
NC-100036,C0079,02/09/2026 03:57,delivered,SGD,SG,2026-09-07T18:17:30Z,FESTIVE15
NC-100028,C0003,01/09/2026 21:52,placed,INR,IN,2026-09-01T21:52:32Z,WELCOME10
NC-100034,C0020,02/09/2026 03:15,shipped,USD,US,2026-09-03T23:22:37Z,WELCOME10
NC-100278,C0020,09/09/2026 09:47,paid,INR,IN,2026-09-09T12:45:11Z,WELCOME10
NC-100130,C0074,04/09/2026 22:00,paid,INR,IN,2026-09-05T00:57:30Z,WELCOME10
NC-100100,C0106,2026-09-04T01:17:48Z,placed,,US,2026-09-04T01:18:12Z,VIP20
NC-100371,C0079,2026-09-12T16:31:59+05:30,placed,INR,IN,2026-09-12T11:02:06Z,
NC-100175,C0102,2026-09-06T16:27:01+05:30,placed,SGD,SG,2026-09-06T10:57:06Z,
NC-100201,C0003,2026-09-07T07:05:19+05:30,placed,INR,IN,2026-09-07T01:35:32Z,
NC-100118,C0096,04/09/2026 12:59,placed,GBP,GB,2026-09-04T12:59:39Z,WELCOME10
NC-100323,C0038,2026-09-10T16:04:21Z,shipped,USD,US,2026-09-11T09:49:25Z,VIP20
NC-100370,C0903,2026-09-12T09:21:09Z,shipped,SGD,SG,2026-09-14T12:51:28Z,VIP20
NC-100211,C0115,2026-09-07T10:15:32Z,placed,INR,IN,2026-09-07T10:15:49Z,
NC-100458,C0093,2026-09-15T00:38:33+05:30,cancelled,INR,IN,2026-09-14T21:09:06Z,FESTIVE15
NC-100178,C0011,06/09/2026 12:02,placed,usd,US,2026-09-06T12:02:03Z,
NC-100282,C0130,2026-09-09T16:43:40+05:30,placed,USD,IN,2026-09-09T11:14:19Z,FREESHIP
NC-100191,C0044,2026-09-06T18:41:29Z,placed,SGD,SG,2026-09-06T18:41:35Z,WELCOME10
NC-100090,C0027,2026-09-03T23:12:14+05:30,delivered,INR,IN,2026-09-08T19:31:53Z,WELCOME10
NC-100237,C0003,2026-09-08T03:35:05Z,placed,INR,IN,2026-09-08T03:35:18Z,FESTIVE15
NC-100229,C0011,2026-09-07T21:21:49Z,paid,USD,US,2026-09-07T23:08:09Z,
NC-100325,C0044,2026-09-10T16:30:53Z,placed,SGD,SG,2026-09-10T16:31:05Z,FREESHIP
NC-100157,C0080,05/09/2026 18:43,shipped,USD,US,2026-09-06T18:01:03Z,
NC-100474,C0120,2026-09-16T04:28:52+05:30,placed,INR,IN,2026-09-15T22:59:03Z,
NC-100043,C0091,02/09/2026 09:42,delivered,GBP,GB,2026-09-08T02:25:07Z,FESTIVE15
NC-100292,C0071,2026-09-09T18:26:51Z,paid,USD,US,2026-09-09T19:06:16Z,FREESHIP
NC-100180,C0066,2026-09-06T19:45:36+05:30,delivered,INR,IN,2026-09-12T15:09:52Z,FREESHIP
NC-100393,C0083,2026-09-12T21:30:29Z,shipped,SGD,SG,2026-09-13T10:44:58Z,
NC-100196,C0066,06/09/2026 21:32,paid,INR,IN,2026-09-06T23:48:15Z,FESTIVE15
NC-100236,C0095,2026-09-08T08:12:07+05:30,placed,INR,IN,2026-09-08T02:42:25Z,
NC-100381,C0061,2026-09-12T16:11:24Z,shipped,EUR,DE,2026-09-13T01:25:40Z,
NC-100266,C0066,2026-09-09T06:30:55+05:30,delivered,INR,IN,2026-09-13T10:58:03Z,
NC-100064,C0079,02/09/2026 21:49,shipped,EUR,IN,2026-09-04T03:48:26Z,
NC-100031,C0906,01/09/2026 23:06,shipped,GBP,GB,2026-09-02T18:30:06Z,
NC-100044,C0114,02/09/2026 09:45,delivered,SGD,SG,2026-09-06T13:17:22Z,
NC-100122,C0027,2026-09-04T21:42:13+05:30,paid,INR,IN,2026-09-04T17:28:34Z,WELCOME10
NC-100234,C0020,2026-09-08T06:46:15+05:30,paid,INR,IN,2026-09-08T02:02:30Z,
NC-100159,C0011,2026-09-05T19:14:57Z,shipped,USD,US,2026-09-06T09:30:20Z,
NC-100139,C0016,2026-09-05T03:37:15Z,delivered,SGD,SG,2026-09-09T11:05:25Z,WELCOME10
NC-100399,C0056,13/09/2026 01:53,placed,INR,IN,2026-09-13T01:53:19Z,FESTIVE15
NC-100340,C0035,11/09/2026 06:54,shipped,INR,IN,2026-09-13T06:28:09Z,WELCOME10
NC-100083,C0121,2026-09-03T13:44:36Z,delivered,EUR,DE,2026-09-10T04:52:41Z,
NC-100258,C0035,2026-09-09T00:55:13+05:30,placed,INR,IN,2026-09-08T19:25:51Z,FESTIVE15
NC-100111,C0078,04/09/2026 07:44,paid,EUR,DE,2026-09-04T09:02:04Z,FESTIVE15
NC-100309,C0041,10/09/2026 08:04,shipped,USD,US,2026-09-11T00:08:35Z,VIP20
NC-100023,C0110,01/09/2026 19:34,paid,USD,GB,2026-09-01T20:40:02Z,WELCOME10
NC-100159,C0011,2026-09-05T19:14:57Z,placed,USD,US,2026-09-05T19:15:20Z,
NC-100152,C0003,2026-09-05T20:42:54+05:30,paid,INR,IN,2026-09-05T15:28:27Z,VIP20
NC-100175,C0102,2026-09-06T16:27:01+05:30,shipped,SGD,SG,2026-09-07T16:04:06Z,
NC-100204,C0046,07/09/2026 03:32,placed,USD,US,2026-09-07T03:32:40Z,FREESHIP
NC-100190,C0011,06/09/2026 17:55,placed,USD,US,2026-09-06T17:55:37Z,
NC-100281,C0121,09/09/2026 10:45,paid,SGD,SG,2026-09-09T11:06:18Z,VIP20
NC-100390,C0049,2026-09-12T19:54:11Z,shipped,GBP,GB,2026-09-13T23:49:39Z,
NC-100479,C0027,2026-09-15T18:10:24+05:30,paid,INR,IN,2026-09-15T15:20:38Z,
NC-100124,C0091,04/09/2026 19:29,shipped,GBP,GB,2026-09-07T06:43:14Z,WELCOME10
NC-100085,C0035,2026-09-03T14:43:42Z,delivered,USD,US,2026-09-09T08:48:44Z,
NC-100049,C0108,02/09/2026 12:32,paid,INR,IN,2026-09-02T12:39:23Z,FREESHIP
NC-100033,C0044,01/09/2026 23:50,delivered,SGD,SG,2026-09-06T14:12:18Z,WELCOME10
NC-100030,C0016,2026-09-02T03:45:57+05:30,paid,GBP,GB,2026-09-01T22:17:13Z,
NC-100301,C0102,10/09/2026 02:33,placed,SGD,SG,2026-09-10T02:33:09Z,FESTIVE15
NC-100112,C0043,04/09/2026 07:46,shipped,EUR,DE,2026-09-06T09:16:38Z,VIP20
NC-100090,C0027,2026-09-03T23:12:14+05:30,paid,INR,IN,2026-09-03T19:31:53Z,WELCOME10
NC-100215,C0126,2026-09-07T19:54:20+05:30,paid,INR,IN,2026-09-07T14:58:37Z,WELCOME10
NC-100185,C0109,06/09/2026 16:43,shipped,USD,IN,2026-09-08T19:20:24Z,WELCOME10
NC-100008,C0053,2026-09-01T12:55:55+05:30,delivered,INR,IN,2026-09-06T20:23:06Z,VIP20
NC-100381,C0061,2026-09-12T16:11:24Z,delivered,EUR,DE,2026-09-15T08:25:40Z,
NC-100025,C0011,01/09/2026 20:22,delivered,USD,US,2026-09-07T16:13:02Z,FREESHIP
NC-100383,C0091,2026-09-12T16:33:24Z,paid,GBP,GB,2026-09-12T18:06:59Z,WELCOME10
NC-100329,C0020,2026-09-11T03:42:16+05:30,paid,USD,US,2026-09-11T00:51:55Z,FREESHIP
NC-100418,C0055,2026-09-13T13:22:42Z,shipped,EUR,DE,2026-09-15T23:26:07Z,
NC-100083,C0121,2026-09-03T13:44:36Z,shipped,EUR,DE,2026-09-05T02:52:41Z,
NC-100357,C0044,2026-09-11T18:11:36Z,placed,SGD,SG,2026-09-11T18:12:06Z,FREESHIP
NC-100193,C0126,2026-09-07T01:11:12+05:30,cancelled,inr,IN,2026-09-07T21:15:45Z,FREESHIP
NC-100450,C0100,14/09/2026 12:09,paid,EUR,DE,2026-09-14T13:20:35Z,
NC-100069,C0052,2026-09-03T06:36:31+05:30,shipped,INR,IN,2026-09-03T09:41:08Z,WELCOME10
NC-100288,C0037,2026-09-09T16:25:14Z,shipped,USD,US,2026-09-11T17:09:21Z,
NC-100079,C0112,03/09/2026 10:21,paid,INR,IN,2026-09-03T11:15:05Z,FREESHIP
NC-100051,C0123,2026-09-02T14:13:23Z,shipped,INR,IN,2026-09-03T08:33:44Z,
NC-100371,C0079,2026-09-12T16:31:59+05:30,shipped,INR,IN,2026-09-13T15:52:06Z,
NC-100079,C0112,03/09/2026 10:21,delivered,INR,IN,2026-09-06T19:15:05Z,FREESHIP
NC-100088,C0033,2026-09-03T15:55:15Z,shipped,USD,US,2026-09-04T23:59:40Z,FREESHIP
NC-100332,C0096,2026-09-11T01:23:33Z,placed,USD,DE,2026-09-11T01:23:57Z,VIP20
NC-100318,C0070,2026-09-10T13:53:28Z,shipped,EUR,DE,2026-09-11T20:16:52Z,
NC-100069,C0052,2026-09-03T06:36:31+05:30,delivered,INR,IN,2026-09-08T17:41:08Z,WELCOME10
NC-100436,C0033,2026-09-14T03:42:13Z,placed,USD,US,2026-09-14T03:42:31Z,
NC-100267,C0076,2026-09-09T06:31:52+05:30,shipped,INR,IN,2026-09-11T08:47:29Z,
NC-100191,C0044,2026-09-06T18:41:29Z,shipped,SGD,SG,2026-09-07T06:37:35Z,WELCOME10
NC-100176,C0066,2026-09-06T11:15:58Z,paid,,US,2026-09-06T11:31:18Z,FESTIVE15
NC-100157,C0080,05/09/2026 18:43,delivered,USD,US,2026-09-09T00:01:03Z,
NC-100310,C0107,10/09/2026 08:10,placed,GBP,SG,2026-09-10T08:10:05Z,
NC-100475,C0027,2026-09-15T15:28:14+05:30,paid,INR,IN,2026-09-15T10:49:27Z,FESTIVE15
NC-100169,C0066,2026-09-06T10:50:52+05:30,placed,INR,IN,2026-09-06T05:21:03Z,WELCOME10
NC-100218,C0092,07/09/2026 15:03,delivered,USD,US,2026-09-11T13:35:22Z,FREESHIP
NC-100432,C0021,2026-09-14T06:52:55+05:30,placed,INR,IN,2026-09-14T01:23:12Z,FESTIVE15
NC-100068,C0011,03/09/2026 00:37,delivered,EUR,US,2026-09-09T22:33:05Z,VIP20
NC-100289,C0013,2026-09-09T22:15:09+05:30,paid,INR,IN,2026-09-09T17:21:20Z,
NC-100374,C0091,2026-09-12T14:45:55Z,cancelled,GBP,GB,2026-09-13T04:23:14Z,VIP20
NC-100382,C0003,12/09/2026 16:30,placed,INR,IN,2026-09-12T16:30:29Z,
NC-100336,C0098,2026-09-11T10:41:23+05:30,paid,GBP,IN,2026-09-11T07:10:32Z,FESTIVE15
NC-100323,C0038,2026-09-10T16:04:21Z,delivered,USD,US,2026-09-15T11:49:25Z,VIP20
NC-100046,C0005,2026-09-02T15:48:34+05:30,delivered,GBP,GB,2026-09-09T04:00:59Z,VIP20
NC-100054,C0055,2026-09-02T15:57:41Z,paid,GBP,GB,2026-09-02T17:52:13Z,
NC-100203,C0079,2026-09-07T08:12:28+05:30,placed,EUR,DE,2026-09-07T02:42:32Z,
NC-100144,C0079,2026-09-05T05:18:11Z,cancelled,EUR,DE,2026-09-06T10:19:39Z,WELCOME10
NC-100245,C0053,2026-09-08T07:41:29Z,placed,,IN,2026-09-08T07:41:50Z,VIP20
NC-100241,C0044,2026-09-08T04:39:38Z,delivered,SGD,SG,2026-09-12T01:34:02Z,
NC-100136,C0091,05/09/2026 02:03,shipped,GBP,GB,2026-09-06T21:18:21Z,WELCOME10
NC-100406,C0044,2026-09-13T06:51:10Z,shipped,SGD,SG,2026-09-14T10:11:44Z,FREESHIP
NC-100460,C0011,2026-09-14T19:43:52Z,paid,USD,US,2026-09-14T22:14:06Z,
NC-100076,C0044,2026-09-03T09:05:13Z,paid,EUR,DE,2026-09-03T10:44:22Z,FESTIVE15
NC-100268,C0054,09/09/2026 02:34,shipped,,DE,2026-09-09T17:28:06Z,FREESHIP
NC-100209,C0089,2026-09-07T08:12:46Z,shipped,USD,US,2026-09-07T21:01:16Z,FESTIVE15
NC-100367,C0087,2026-09-12T02:45:20Z,paid,USD,US,2026-09-12T04:15:59Z,VIP20
NC-100253,C0119,2026-09-08T18:43:29+05:30,placed,INR,IN,2026-09-08T13:14:04Z,
NC-100411,C0027,2026-09-13T08:09:24Z,cancelled,INR,IN,2026-09-15T05:41:47Z,WELCOME10
NC-100146,C0091,2026-09-05T16:02:42+05:30,paid,EUR,GB,2026-09-05T11:32:56Z,
NC-100025,C0011,01/09/2026 20:22,placed,,US,2026-09-01T20:22:02Z,FREESHIP
NC-100222,C0091,07/09/2026 16:23,shipped,GBP,GB,2026-09-09T16:56:40Z,FESTIVE15
NC-100060,C0039,2026-09-02T19:38:31Z,cancelled,,SG,2026-09-03T23:18:45Z,
NC-100495,C0039,2026-09-15T23:26:23Z,placed,GBP,GB,2026-09-15T23:26:52Z,FESTIVE15
NC-100061,C0041,2026-09-02T19:47:10Z,placed,USD,US,2026-09-02T19:47:38Z,FREESHIP
NC-100264,C0027,2026-09-09T05:18:29+05:30,placed,INR,IN,2026-09-08T23:48:41Z,
NC-100007,C0069,2026-09-01T06:46:00Z,placed,USD,US,2026-09-01T06:46:15Z,
NC-100260,C0081,08/09/2026 21:54,shipped,,DE,2026-09-11T04:30:26Z,VIP20
NC-100379,C0083,12/09/2026 15:53,placed,SGD,SG,2026-09-12T15:53:25Z,FREESHIP
NC-100109,C0053,2026-09-04T06:05:51Z,delivered,INR,IN,2026-09-10T06:42:12Z,WELCOME10
NC-100314,C0003,2026-09-10T16:27:59+05:30,shipped,INR,IN,2026-09-11T10:31:03Z,FREESHIP
NC-100390,C0049,2026-09-12T19:54:11Z,placed,GBP,GB,2026-09-12T19:54:39Z,
NC-100416,C0059,2026-09-13T11:45:22Z,paid,GBP,GB,2026-09-13T14:40:37Z,VIP20
NC-100453,C0012,2026-09-14T14:15:04Z,placed,INR,IN,2026-09-14T14:15:20Z,FESTIVE15
NC-100225,C0102,07/09/2026 19:55,placed,SGD,SG,2026-09-07T19:55:22Z,VIP20
NC-100195,C0020,06/09/2026 20:25,shipped,INR,IN,2026-09-08T00:50:33Z,
NC-100384,C0130,12/09/2026 16:51,paid,inr,IN,2026-09-12T19:27:18Z,VIP20
NC-100171,C0072,06/09/2026 07:32,placed,GBP,GB,2026-09-06T07:32:21Z,
NC-100117,C0125,2026-09-04T11:34:52Z,paid,EUR,DE,2026-09-04T13:34:04Z,FESTIVE15
NC-100349,C0020,2026-09-11T17:31:38+05:30,cancelled,INR,IN,2026-09-12T17:33:54Z,FREESHIP
NC-100286,C0101,2026-09-09T20:51:55+05:30,placed,EUR,DE,2026-09-09T15:22:26Z,WELCOME10
NC-100087,C0055,2026-09-03T15:41:09Z,shipped,USD,GB,2026-09-05T15:44:38Z,VIP20
NC-100177,C0102,06/09/2026 11:44,placed,SGD,SG,2026-09-06T11:44:39Z,VIP20
NC-100003,C0026,2026-09-01T01:29:48Z,paid,INR,IN,2026-09-01T02:06:51Z,WELCOME10
NC-100209,C0089,2026-09-07T08:12:46Z,delivered,USD,US,2026-09-13T04:01:16Z,FESTIVE15
NC-100416,C0059,2026-09-13T11:45:22Z,placed,GBP,GB,2026-09-13T11:45:37Z,VIP20
NC-100017,C0090,2026-09-01T17:30:17+05:30,cancelled,INR,IN,2026-09-02T22:21:39Z,
NC-100375,C0003,2026-09-12T14:59:48Z,shipped,INR,IN,2026-09-14T12:59:26Z,WELCOME10
NC-100346,C0082,2026-09-11T10:04:08Z,shipped,GBP,GB,2026-09-12T17:32:11Z,
NC-100382,C0003,12/09/2026 16:30,shipped,INR,IN,2026-09-14T00:17:29Z,
NC-100464,C0090,15/09/2026 04:29,paid,INR,IN,2026-09-15T06:03:36Z,FESTIVE15
NC-100314,C0003,2026-09-10T16:27:59+05:30,placed,INR,IN,2026-09-10T10:58:03Z,FREESHIP
NC-100436,C0033,2026-09-14T03:42:13Z,paid,USD,US,2026-09-14T05:32:31Z,
NC-100335,C0060,2026-09-11T10:10:49+05:30,placed,USD,US,2026-09-11T04:40:59Z,
NC-100229,C0011,2026-09-07T21:21:49Z,delivered,USD,US,2026-09-15T01:08:09Z,
NC-100087,C0055,2026-09-03T15:41:09Z,placed,USD,GB,2026-09-03T15:41:38Z,VIP20
NC-100210,C0091,07/09/2026 08:32,placed,GBP,GB,2026-09-07T08:32:08Z,WELCOME10
NC-100194,C0043,2026-09-06T20:23:49Z,paid,EUR,DE,2026-09-06T21:38:07Z,
NC-100223,C0046,2026-09-07T18:30:07Z,placed,USD,US,2026-09-07T18:30:42Z,
NC-100056,C0094,02/09/2026 16:55,delivered,usd,US,2026-09-09T01:40:09Z,
NC-100180,C0066,2026-09-06T19:45:36+05:30,paid,INR,IN,2026-09-06T15:09:52Z,FREESHIP
NC-100403,C0064,2026-09-13T09:05:07+05:30,shipped,GBP,GB,2026-09-13T14:01:45Z,
NC-100245,C0053,2026-09-08T07:41:29Z,delivered,,IN,2026-09-12T15:59:50Z,VIP20
NC-100231,C0078,07/09/2026 22:37,paid,GBP,GB,2026-09-08T00:29:35Z,FREESHIP
NC-100099,C0055,03/09/2026 23:54,paid,USD,US,2026-09-04T02:33:37Z,WELCOME10
NC-100215,C0126,2026-09-07T19:54:20+05:30,placed,INR,IN,2026-09-07T14:24:37Z,WELCOME10
NC-100184,C0011,2026-09-06T16:23:14Z,delivered,USD,US,2026-09-12T23:05:50Z,WELCOME10
NC-100033,C0044,01/09/2026 23:50,paid,SGD,SG,2026-09-02T00:12:18Z,WELCOME10
NC-100391,C0044,12/09/2026 20:39,placed,EUR,SG,2026-09-12T20:39:14Z,
NC-100213,C0003,2026-09-07T17:55:36+05:30,delivered,INR,IN,2026-09-13T16:17:03Z,FESTIVE15
NC-100124,C0091,04/09/2026 19:29,placed,GBP,GB,2026-09-04T19:29:14Z,WELCOME10
NC-100056,C0094,02/09/2026 16:55,shipped,usd,US,2026-09-04T15:40:09Z,
NC-100006,C0007,2026-09-01T06:23:25Z,placed,GBP,GB,2026-09-01T06:23:37Z,WELCOME10
NC-100450,C0100,14/09/2026 12:09,placed,,DE,2026-09-14T12:09:35Z,
NC-100397,C0079,2026-09-13T06:05:31+05:30,placed,INR,IN,2026-09-13T00:35:37Z,VIP20
NC-100292,C0071,2026-09-09T18:26:51Z,placed,USD,US,2026-09-09T18:27:16Z,FREESHIP
NC-100428,C0066,2026-09-14T02:47:33+05:30,placed,GBP,IN,2026-09-13T21:17:49Z,
NC-100279,C0020,2026-09-09T15:28:37+05:30,placed,,IN,2026-09-09T09:59:04Z,WELCOME10
NC-100303,C0093,2026-09-10T09:13:53+05:30,placed,INR,IN,2026-09-10T03:44:08Z,VIP20
NC-100289,C0013,2026-09-09T22:15:09+05:30,delivered,INR,IN,2026-09-14T18:21:20Z,
NC-100471,C0012,2026-09-16T01:00:42+05:30,placed,INR,IN,2026-09-15T19:31:02Z,VIP20
NC-100029,C0067,01/09/2026 21:57,paid,GBP,GB,2026-09-01T23:52:40Z,FESTIVE15
NC-100061,C0041,2026-09-02T19:47:10Z,shipped,USD,US,2026-09-04T16:40:38Z,FREESHIP
NC-100262,C0119,08/09/2026 22:46,delivered,inr,IN,2026-09-13T15:03:22Z,WELCOME10
NC-100493,C0027,15/09/2026 21:55,placed,,IN,2026-09-15T21:55:07Z,
NC-100163,C0117,05/09/2026 21:15,placed,USD,SG,2026-09-05T21:15:13Z,
