order_id,customer_id,order_ts,status,currency,shipping_country,updated_at,promo_code
NC-100471,C0012,2026-09-16T01:00:42+05:30,shipped,INR,IN,2026-09-17T14:22:00Z,VIP20
NC-100457,C0079,2026-09-14T23:46:56+05:30,shipped,INR,IN,2026-09-16T21:22:32Z,
NC-100578,C0005,2026-09-18T17:56:57Z,shipped,GBP,GB,2026-09-20T04:44:05Z,WELCOME10
NC-100754,C0103,24/09/2026 16:56,delivered,INR,IN,2026-09-28T19:32:19Z,WELCOME10
NC-100767,C0118,25/09/2026 01:37,paid,GBP,GB,2026-09-25T04:30:07Z,WELCOME10
NC-100854,C0027,2026-09-28T04:15:57+05:30,shipped,INR,IN,2026-09-28T12:06:23Z,
NC-100571,C0118,2026-09-18T16:16:46Z,placed,GBP,GB,2026-09-18T16:17:21Z,VIP20
NC-100522,C0117,2026-09-16T19:23:02Z,paid,SGD,SG,2026-09-16T22:01:30Z,
NC-100559,C0012,2026-09-18T08:36:46+05:30,shipped,INR,IN,2026-09-20T08:51:11Z,FREESHIP
NC-100788,C0080,2026-09-26T02:49:00+05:30,paid,USD,US,2026-09-25T22:33:12Z,
NC-100791,C0027,2026-09-25T22:26:56Z,shipped,INR,IN,2026-09-26T13:21:09Z,
NC-100566,C0020,18/09/2026 09:48,shipped,INR,IN,2026-09-20T17:32:37Z,
NC-100805,C0902,2026-09-26T09:14:35Z,shipped,EUR,DE,2026-09-27T03:10:05Z,
NC-100343,C0021,11/09/2026 07:25,delivered,INR,IN,2026-09-16T04:00:10Z,
NC-100629,C0012,2026-09-20T09:49:03Z,shipped,SGD,SG,2026-09-20T19:48:41Z,
NC-100613,C0119,19/09/2026 21:03,placed,INR,IN,2026-09-19T21:03:34Z,
NC-100559,C0012,2026-09-18T08:36:46+05:30,paid,INR,IN,2026-09-18T05:51:11Z,FREESHIP
NC-100884,C0006,2026-09-28T22:46:41Z,paid,USD,US,2026-09-28T23:05:17Z,WELCOME10
NC-100507,C0066,2026-09-16T14:27:12+05:30,placed,,IN,2026-09-16T08:57:35Z,
NC-100667,C0057,21/09/2026 14:43,placed,USD,US,2026-09-21T14:43:26Z,FESTIVE15
NC-100663,C0079,21/09/2026 10:49,paid,INR,IN,2026-09-21T11:28:13Z,
NC-100547,C0027,2026-09-18T01:59:39+05:30,placed,inr,IN,2026-09-17T20:30:08Z,FESTIVE15
NC-100404,C0043,13/09/2026 03:55,delivered,EUR,DE,2026-09-17T07:08:02Z,
NC-100546,C0115,2026-09-18T01:38:00+05:30,placed,,IN,2026-09-17T20:08:22Z,WELCOME10
NC-100859,C0097,2026-09-28T12:29:46+05:30,placed,INR,IN,2026-09-28T06:59:59Z,
NC-100648,C0058,2026-09-21T01:33:28Z,delivered,USD,US,2026-09-25T14:49:37Z,FESTIVE15
NC-100735,C0011,2026-09-24T05:27:09+05:30,paid,USD,US,2026-09-24T00:14:44Z,VIP20
NC-100596,C0066,2026-09-19T11:12:36+05:30,paid,INR,IN,2026-09-19T06:04:12Z,
NC-100781,C0906,2026-09-25T17:09:18Z,shipped,SGD,SG,2026-09-28T03:30:29Z,
NC-100826,C0053,2026-09-27T00:51:16Z,shipped,EUR,DE,2026-09-27T13:33:44Z,
NC-100616,C0037,2026-09-20T02:23:41Z,paid,USD,US,2026-09-20T02:29:11Z,FREESHIP
NC-100628,C0044,2026-09-20T08:55:52Z,delivered,SGD,SG,2026-09-24T13:16:02Z,
NC-100887,C0074,2026-09-29T01:06:19Z,shipped,GBP,GB,2026-09-30T07:28:35Z,WELCOME10
NC-100693,C0020,2026-09-22T20:30:53+05:30,shipped,INR,IN,2026-09-23T03:03:58Z,WELCOME10
NC-100540,C0042,17/09/2026 13:42,paid,sgd,SG,2026-09-17T13:54:18Z,WELCOME10
NC-100806,C0025,2026-09-26T09:17:36Z,paid,GBP,GB,2026-09-26T11:42:12Z,FESTIVE15
NC-100757,C0020,2026-09-24T19:44:57Z,placed,GBP,GB,2026-09-24T19:45:19Z,WELCOME10
NC-100748,C0052,2026-09-24T18:29:19+05:30,shipped,INR,IN,2026-09-25T17:52:44Z,FESTIVE15
NC-100833,C0027,2026-09-27T12:46:32+05:30,placed,INR,IN,2026-09-27T07:16:54Z,
NC-100473,C0082,2026-09-15T09:16:23Z,delivered,GBP,GB,2026-09-19T00:55:02Z,
NC-100526,C0055,2026-09-17T00:15:57Z,placed,GBP,GB,2026-09-17T00:16:03Z,FESTIVE15
NC-100561,C0064,2026-09-18T06:08:29Z,placed,GBP,GB,2026-09-18T06:08:47Z,FESTIVE15
NC-100502,C0066,2026-09-16T05:21:36Z,delivered,INR,IN,2026-09-20T14:31:43Z,VIP20
NC-100515,C0128,2026-09-16T14:38:49Z,paid,eur,DE,2026-09-16T17:35:20Z,
NC-100683,C0060,2026-09-22T06:40:19Z,delivered,USD,US,2026-09-28T09:44:39Z,FREESHIP
NC-100469,C0076,2026-09-15T13:27:35+05:30,delivered,,IN,2026-09-21T00:21:49Z,VIP20
NC-100412,C0066,2026-09-13T08:19:08Z,delivered,GBP,GB,2026-09-19T21:02:36Z,
NC-100497,C0088,2026-09-16T06:42:43+05:30,placed,inr,IN,2026-09-16T01:13:15Z,VIP20
NC-100901,C0055,2026-09-29T11:01:08Z,paid,GBP,GB,2026-09-29T12:26:37Z,WELCOME10
NC-100572,C0020,18/09/2026 16:17,delivered,INR,IN,2026-09-24T23:28:31Z,VIP20
NC-100706,C0058,2026-09-23T00:08:54Z,delivered,USD,US,2026-09-28T01:08:12Z,
NC-100773,C0027,2026-09-25T09:35:49Z,shipped,INR,IN,2026-09-27T02:40:10Z,
NC-100766,C0003,2026-09-25T05:42:09+05:30,placed,INR,IN,2026-09-25T00:12:30Z,WELCOME10
NC-100661,C0011,21/09/2026 10:25,delivered,usd,US,2026-09-27T10:26:05Z,
NC-100452,C0058,2026-09-14T13:53:57Z,delivered,USD,US,2026-09-22T00:57:00Z,FREESHIP
NC-100619,C0112,20/09/2026 03:59,placed,USD,US,2026-09-20T03:59:40Z,WELCOME10
NC-100765,C0020,24/09/2026 23:59,paid,EUR,DE,2026-09-25T02:17:11Z,FESTIVE15
NC-100532,C0041,2026-09-17T06:55:41Z,shipped,USD,US,2026-09-19T19:34:00Z,WELCOME10
NC-100623,C0075,2026-09-20T05:16:21Z,shipped,USD,US,2026-09-21T14:24:31Z,
NC-100716,C0035,23/09/2026 09:36,placed,USD,IN,2026-09-23T09:36:30Z,FESTIVE15
NC-100872,C0058,28/09/2026 17:44,shipped,USD,US,2026-09-30T10:43:29Z,FESTIVE15
NC-100774,C0091,2026-09-25T10:36:08Z,shipped,GBP,GB,2026-09-28T00:30:32Z,
NC-100781,C0906,2026-09-25T17:09:18Z,paid,SGD,SG,2026-09-25T17:30:29Z,
NC-100542,C0058,2026-09-17T16:18:13Z,delivered,USD,US,2026-09-22T16:35:45Z,FESTIVE15
NC-100871,C0097,2026-09-28T21:58:20+05:30,shipped,INR,IN,2026-09-30T09:14:41Z,
NC-100605,C0035,2026-09-19T17:55:09+05:30,delivered,INR,IN,2026-09-24T16:20:35Z,
NC-100649,C0091,2026-09-21T07:14:04+05:30,delivered,EUR,GB,2026-09-27T18:11:19Z,
NC-100840,C0111,2026-09-27T12:38:27Z,placed,USD,US,2026-09-27T12:38:50Z,WELCOME10
NC-100860,C0051,2026-09-28T08:17:59Z,shipped,GBP,GB,2026-09-29T11:07:21Z,VIP20
NC-100624,C0114,2026-09-20T06:05:24Z,shipped,SGD,SG,2026-09-21T22:22:48Z,VIP20
NC-100756,C0081,2026-09-24T18:05:18Z,shipped,EUR,DE,2026-09-27T07:20:56Z,
NC-100764,C0066,2026-09-25T05:26:15+05:30,shipped,INR,IN,2026-09-26T07:01:38Z,
NC-100697,C0058,22/09/2026 16:44,paid,USD,US,2026-09-22T18:30:32Z,
NC-100314,C0003,2026-09-10T16:27:59+05:30,delivered,INR,IN,2026-09-16T01:31:03Z,FREESHIP
NC-100682,C0047,2026-09-22T05:55:05Z,placed,EUR,DE,2026-09-22T05:55:21Z,WELCOME10
NC-100512,C0094,2026-09-16T12:57:49Z,paid,GBP,GB,2026-09-16T15:35:14Z,
NC-100747,C0129,2026-09-24T12:22:23Z,delivered,USD,US,2026-09-30T01:24:52Z,
NC-100508,C0105,2026-09-16T08:59:08Z,placed,,GB,2026-09-16T08:59:34Z,VIP20
NC-100576,C0091,2026-09-18T17:06:42Z,shipped,GBP,GB,2026-09-19T11:21:55Z,VIP20
NC-100856,C0123,28/09/2026 00:47,shipped,USD,US,2026-09-30T04:45:17Z,WELCOME10
NC-100875,C0059,28/09/2026 18:26,placed,gbp,GB,2026-09-28T18:26:36Z,
NC-100470,C0091,2026-09-15T19:29:11Z,delivered,GBP,GB,2026-09-23T04:37:00Z,FREESHIP
NC-100637,C0079,2026-09-20T17:41:18Z,placed,USD,IN,2026-09-20T17:41:28Z,FESTIVE15
NC-100577,C0028,18/09/2026 17:35,paid,USD,US,2026-09-18T18:20:15Z,FREESHIP
NC-100746,C0020,2026-09-24T16:46:31+05:30,shipped,INR,IN,2026-09-25T19:37:40Z,FREESHIP
NC-100535,C0006,17/09/2026 09:57,placed,USD,US,2026-09-17T09:57:14Z,
NC-100814,C0005,2026-09-26T14:38:07Z,shipped,USD,GB,2026-09-29T00:07:16Z,FESTIVE15
NC-100607,C0099,2026-09-19T13:57:39Z,placed,EUR,DE,2026-09-19T13:57:49Z,FESTIVE15
NC-100707,C0025,23/09/2026 00:23,placed,GBP,GB,2026-09-23T00:23:10Z,
NC-100664,C0014,2026-09-21T17:51:51+05:30,paid,INR,IN,2026-09-21T13:59:08Z,FESTIVE15
NC-100846,C0035,2026-09-27T22:30:57+05:30,shipped,INR,IN,2026-09-28T17:31:20Z,FREESHIP
NC-100777,C0117,25/09/2026 12:16,paid,EUR,DE,2026-09-25T14:32:29Z,
NC-100843,C0075,27/09/2026 14:04,cancelled,USD,US,2026-09-28T16:41:29Z,VIP20
NC-100725,C0007,2026-09-23T23:02:07+05:30,delivered,inr,IN,2026-09-27T16:54:26Z,FREESHIP
NC-100564,C0089,18/09/2026 06:48,placed,USD,US,2026-09-18T06:48:24Z,
NC-100706,C0058,2026-09-23T00:08:54Z,placed,USD,US,2026-09-23T00:09:12Z,
NC-100856,C0123,28/09/2026 00:47,placed,USD,US,2026-09-28T00:47:17Z,WELCOME10
NC-100801,C0091,26/09/2026 04:56,placed,,GB,2026-09-26T04:56:02Z,
NC-100501,C0003,2026-09-16T10:42:36+05:30,delivered,INR,IN,2026-09-20T23:58:57Z,WELCOME10
NC-100580,C0005,2026-09-19T02:19:57+05:30,paid,GBP,GB,2026-09-18T23:05:03Z,FREESHIP
NC-100493,C0027,15/09/2026 21:55,delivered,,IN,2026-09-22T12:12:00Z,
NC-100688,C0080,2026-09-22T08:43:54Z,placed,USD,US,2026-09-22T08:44:20Z,
NC-100711,C0084,2026-09-23T04:43:49Z,shipped,sgd,SG,2026-09-23T22:58:18Z,VIP20
NC-100621,C0103,2026-09-20T09:39:06+05:30,paid,INR,IN,2026-09-20T05:12:14Z,VIP20
NC-100568,C0011,18/09/2026 15:49,placed,USD,US,2026-09-18T15:49:04Z,WELCOME10
NC-100710,C0010,2026-09-23T03:54:09Z,paid,USD,US,2026-09-23T04:06:32Z,VIP20
NC-100677,C0092,2026-09-22T01:22:48Z,shipped,USD,US,2026-09-23T12:09:07Z,VIP20
NC-100915,C0125,29/09/2026 23:46,placed,EUR,DE,2026-09-29T23:46:24Z,
NC-100867,C0079,2026-09-28T18:03:29+05:30,paid,GBP,IN,2026-09-28T13:20:45Z,WELCOME10
NC-100633,C0089,20/09/2026 11:55,placed,USD,US,2026-09-20T11:55:13Z,FREESHIP
NC-100738,C0058,24/09/2026 04:00,delivered,USD,US,2026-09-28T14:01:21Z,
NC-100890,C0003,2026-09-29T02:38:36Z,paid,INR,IN,2026-09-29T04:26:51Z,WELCOME10
NC-100787,C0025,2026-09-25T20:41:50Z,delivered,GBP,GB,2026-09-30T03:43:26Z,FREESHIP
NC-100612,C0089,19/09/2026 20:55,placed,USD,US,2026-09-19T20:55:26Z,VIP20
NC-100319,C0029,2026-09-10T19:41:18+05:30,delivered,INR,IN,2026-09-16T10:10:24Z,
NC-100490,C0058,2026-09-15T19:59:04Z,delivered,USD,US,2026-09-21T10:32:00Z,VIP20
NC-100597,C0055,19/09/2026 06:24,shipped,EUR,GB,2026-09-20T15:16:02Z,FESTIVE15
NC-100656,C0116,21/09/2026 06:29,paid,USD,US,2026-09-21T08:05:33Z,FREESHIP
NC-100665,C0015,21/09/2026 13:57,placed,,SG,2026-09-21T13:57:16Z,
NC-100920,C0035,2026-09-30T10:08:26+05:30,placed,INR,IN,2026-09-30T04:38:31Z,
NC-100866,C0003,2026-09-28T12:25:58Z,placed,INR,IN,2026-09-28T12:26:23Z,FESTIVE15
NC-100918,C0021,2026-09-30T09:01:05+05:30,paid,INR,IN,2026-09-30T06:04:43Z,FESTIVE15
NC-100937,C0003,2026-09-30T21:54:22+05:30,cancelled,INR,IN,2026-09-30T18:24:39Z,FREESHIP
NC-100571,C0118,2026-09-18T16:16:46Z,shipped,GBP,GB,2026-09-20T00:43:21Z,VIP20
NC-100666,C0020,2026-09-21T20:10:40+05:30,placed,,IN,2026-09-21T14:41:01Z,
NC-100341,C0035,2026-09-11T06:56:15Z,delivered,INR,IN,2026-09-18T09:51:30Z,FREESHIP
NC-100559,C0012,2026-09-18T08:36:46+05:30,delivered,INR,IN,2026-09-23T14:51:11Z,FREESHIP
NC-100772,C0020,25/09/2026 09:11,delivered,EUR,DE,2026-09-30T12:50:27Z,FESTIVE15
NC-100893,C0047,29/09/2026 04:29,placed,EUR,DE,2026-09-29T04:29:08Z,VIP20
NC-100938,C0026,2026-09-30T22:22:14+05:30,paid,INR,IN,2026-09-30T19:31:30Z,VIP20
NC-100659,C0079,21/09/2026 08:53,delivered,INR,IN,2026-09-25T16:27:13Z,VIP20
NC-100406,C0044,2026-09-13T06:51:10Z,delivered,SGD,SG,2026-09-17T18:11:44Z,FREESHIP
NC-100552,C0038,2026-09-17T22:48:12Z,paid,USD,US,2026-09-18T00:58:35Z,FREESHIP
NC-100714,C0029,2026-09-23T13:33:46+05:30,shipped,INR,IN,2026-09-25T06:12:13Z,WELCOME10
NC-100586,C0091,2026-09-19T06:27:03+05:30,shipped,GBP,GB,2026-09-20T15:00:05Z,
NC-100490,C0058,2026-09-15T19:59:04Z,paid,USD,US,2026-09-16T04:32:00Z,VIP20
NC-100896,C0046,2026-09-29T07:33:23Z,placed,GBP,US,2026-09-29T07:33:35Z,WELCOME10
NC-100490,C0058,2026-09-15T19:59:04Z,shipped,USD,US,2026-09-17T23:32:00Z,VIP20
NC-100609,C0031,2026-09-19T16:39:40Z,paid,USD,US,2026-09-19T16:50:09Z,
NC-100410,C0066,2026-09-13T13:31:45+05:30,delivered,INR,IN,2026-09-17T15:20:56Z,FREESHIP
NC-100538,C0076,2026-09-17T13:14:54Z,placed,GBP,GB,2026-09-17T13:15:16Z,FREESHIP
NC-100623,C0075,2026-09-20T05:16:21Z,placed,USD,US,2026-09-20T05:16:31Z,
NC-100634,C0003,20/09/2026 12:11,shipped,INR,IN,2026-09-21T20:09:30Z,WELCOME10
NC-100641,C0003,2026-09-21T01:07:46+05:30,placed,INR,IN,2026-09-20T19:38:17Z,
NC-100689,C0058,22/09/2026 10:29,shipped,USD,US,2026-09-22T23:54:04Z,
NC-100813,C0058,26/09/2026 14:32,delivered,USD,US,2026-09-30T22:20:22Z,
NC-100440,C0079,2026-09-14T11:57:50+05:30,delivered,INR,IN,2026-09-18T14:57:29Z,
NC-100570,C0027,2026-09-18T21:43:07+05:30,cancelled,INR,IN,2026-09-19T03:13:47Z,FESTIVE15
NC-100862,C0011,2026-09-28T15:32:47+05:30,paid,USD,US,2026-09-28T10:05:06Z,
NC-100627,C0081,2026-09-20T08:54:48Z,delivered,EUR,DE,2026-09-26T20:30:54Z,
NC-100539,C0058,17/09/2026 13:21,placed,GBP,SG,2026-09-17T13:21:39Z,WELCOME10
NC-100871,C0097,2026-09-28T21:58:20+05:30,placed,INR,IN,2026-09-28T16:28:41Z,
NC-100734,C0071,23/09/2026 23:45,paid,USD,US,2026-09-24T02:30:32Z,
NC-100605,C0035,2026-09-19T17:55:09+05:30,shipped,INR,IN,2026-09-20T10:20:35Z,
NC-100730,C0027,23/09/2026 22:16,placed,USD,US,2026-09-23T22:16:04Z,
NC-100499,C0042,2026-09-16T07:09:38+05:30,delivered,INR,IN,2026-09-22T12:59:00Z,
NC-100741,C0044,2026-09-24T06:03:59Z,delivered,SGD,SG,2026-09-29T22:13:38Z,FREESHIP
NC-100723,C0068,2026-09-23T17:54:06+05:30,paid,INR,IN,2026-09-23T14:11:37Z,
NC-100904,C0054,29/09/2026 13:34,placed,EUR,DE,2026-09-29T13:34:40Z,
NC-100566,C0020,18/09/2026 09:48,paid,INR,IN,2026-09-18T11:32:37Z,
NC-100790,C0027,25/09/2026 22:07,shipped,INR,IN,2026-09-28T09:01:08Z,VIP20
NC-100715,C0079,23/09/2026 08:15,placed,,IN,2026-09-23T08:15:14Z,
NC-100912,C0063,29/09/2026 21:00,placed,SGD,SG,2026-09-29T21:00:19Z,
NC-100892,C0020,29/09/2026 04:16,paid,EUR,DE,2026-09-29T04:41:02Z,FESTIVE15
NC-100817,C0084,2026-09-26T15:01:23Z,paid,SGD,SG,2026-09-26T17:07:30Z,FESTIVE15
NC-100482,C0091,15/09/2026 13:17,delivered,,GB,2026-09-22T06:36:26Z,VIP20
NC-100609,C0031,2026-09-19T16:39:40Z,delivered,USD,US,2026-09-23T06:50:09Z,
NC-100518,C0065,2026-09-16T22:59:09+05:30,shipped,USD,US,2026-09-17T19:46:29Z,FREESHIP
NC-100648,C0058,2026-09-21T01:33:28Z,paid,USD,US,2026-09-21T01:49:37Z,FESTIVE15
NC-100497,C0088,2026-09-16T06:42:43+05:30,delivered,inr,IN,2026-09-20T22:09:15Z,VIP20
NC-100671,C0015,2026-09-21T19:03:38Z,shipped,SGD,SG,2026-09-24T04:34:15Z,FESTIVE15
NC-100844,C0034,2026-09-27T14:18:08Z,shipped,EUR,DE,2026-09-29T03:15:18Z,
NC-100556,C0082,18/09/2026 00:21,delivered,GBP,GB,2026-09-23T21:16:33Z,
NC-100678,C0091,2026-09-22T07:04:34+05:30,delivered,GBP,GB,2026-09-27T14:08:12Z,FESTIVE15
NC-100837,C0003,2026-09-27T15:16:15+05:30,placed,INR,IN,2026-09-27T09:46:18Z,FREESHIP
NC-100807,C0110,2026-09-26T09:49:18Z,delivered,USD,US,2026-09-30T20:57:20Z,WELCOME10
NC-100708,C0063,2026-09-23T00:57:06Z,shipped,SGD,SG,2026-09-24T20:00:41Z,
NC-100690,C0003,2026-09-22T17:26:22+05:30,placed,INR,IN,2026-09-22T11:57:02Z,FESTIVE15
NC-100711,C0084,2026-09-23T04:43:49Z,paid,SGD,SG,2026-09-23T04:58:18Z,VIP20
NC-100921,C0058,30/09/2026 05:57,shipped,EUR,US,2026-09-30T14:42:12Z,FESTIVE15
NC-100736,C0004,2026-09-24T00:18:41Z,shipped,USD,DE,2026-09-25T11:06:11Z,FESTIVE15
NC-100646,C0080,2026-09-21T00:10:59Z,delivered,USD,US,2026-09-26T23:41:25Z,WELCOME10
NC-100681,C0036,2026-09-22T10:05:46+05:30,paid,USD,US,2026-09-22T07:14:55Z,VIP20
NC-100678,C0091,2026-09-22T07:04:34+05:30,placed,GBP,GB,2026-09-22T01:35:12Z,FESTIVE15
NC-100560,C0069,18/09/2026 04:08,placed,USD,US,2026-09-18T04:08:14Z,
NC-100627,C0081,2026-09-20T08:54:48Z,placed,EUR,DE,2026-09-20T08:54:54Z,
NC-100767,C0118,25/09/2026 01:37,placed,GBP,GB,2026-09-25T01:37:07Z,WELCOME10
NC-100802,C0011,26/09/2026 07:11,placed,USD,US,2026-09-26T07:11:40Z,WELCOME10
NC-100276,C0015,09/09/2026 09:16,paid,INR,IN,2026-09-09T10:43:27Z,
NC-100540,C0042,17/09/2026 13:42,delivered,SGD,SG,2026-09-21T20:54:18Z,WELCOME10
NC-100803,C0061,2026-09-26T07:14:20Z,cancelled,INR,IN,2026-09-26T23:14:57Z,
NC-100912,C0063,29/09/2026 21:00,paid,SGD,SG,2026-09-29T21:45:19Z,
NC-100718,C0066,2026-09-23T15:23:00+05:30,paid,,IN,2026-09-23T10:41:37Z,
NC-100929,C0011,2026-09-30T12:55:08Z,paid,USD,US,2026-09-30T13:07:38Z,
NC-100393,C0083,2026-09-12T21:30:29Z,delivered,SGD,SG,2026-09-17T20:44:58Z,
NC-100507,C0066,2026-09-16T14:27:12+05:30,delivered,INR,IN,2026-09-20T19:44:35Z,
NC-100931,C0088,30/09/2026 13:49,paid,INR,IN,2026-09-30T13:59:39Z,FESTIVE15
NC-100909,C0059,2026-09-29T18:15:56Z,placed,GBP,GB,2026-09-29T18:16:12Z,
NC-100596,C0066,2026-09-19T11:12:36+05:30,placed,,IN,2026-09-19T05:43:12Z,
NC-100848,C0905,2026-09-27T17:41:41Z,cancelled,INR,IN,2026-09-27T21:42:03Z,
NC-100671,C0015,2026-09-21T19:03:38Z,placed,SGD,SG,2026-09-21T19:04:15Z,FESTIVE15
NC-100499,C0042,2026-09-16T07:09:38+05:30,paid,INR,IN,2026-09-16T02:59:00Z,
NC-100555,C0027,2026-09-18T05:26:47+05:30,shipped,INR,IN,2026-09-19T20:30:06Z,FREESHIP
NC-100795,C0044,2026-09-25T23:56:55Z,paid,SGD,SG,2026-09-26T02:25:01Z,
NC-100795,C0044,2026-09-25T23:56:55Z,shipped,SGD,SG,2026-09-27T16:25:01Z,
NC-100799,C0048,2026-09-26T02:13:24Z,placed,USD,US,2026-09-26T02:13:54Z,
NC-100533,C0049,17/09/2026 08:58,delivered,GBP,GB,2026-09-22T14:13:05Z,VIP20
NC-100749,C0066,24/09/2026 13:22,placed,INR,IN,2026-09-24T13:22:26Z,
NC-100642,C0049,20/09/2026 19:43,cancelled,EUR,DE,2026-09-21T16:43:40Z,WELCOME10
NC-100826,C0053,2026-09-27T00:51:16Z,delivered,EUR,DE,2026-09-29T16:33:44Z,
NC-100728,C0068,23/09/2026 21:57,delivered,INR,IN,2026-09-27T15:31:29Z,FREESHIP
NC-100733,C0118,2026-09-23T23:32:40Z,placed,GBP,GB,2026-09-23T23:32:56Z,
NC-100396,C0111,12/09/2026 22:47,delivered,USD,US,2026-09-18T07:31:15Z,FREESHIP
NC-100380,C0058,2026-09-12T16:08:33Z,delivered,USD,US,2026-09-18T16:01:55Z,FESTIVE15
NC-100618,C0071,20/09/2026 03:50,paid,USD,US,2026-09-20T06:24:37Z,
NC-100665,C0015,21/09/2026 13:57,paid,SGD,SG,2026-09-21T14:21:16Z,
NC-100672,C0126,2026-09-21T19:03:56Z,placed,INR,IN,2026-09-21T19:04:01Z,
NC-100800,C0035,2026-09-26T03:17:37Z,placed,INR,IN,2026-09-26T03:18:10Z,WELCOME10
NC-100826,C0053,2026-09-27T00:51:16Z,placed,EUR,DE,2026-09-27T00:51:44Z,
NC-100792,C0079,2026-09-26T04:31:35+05:30,shipped,inr,IN,2026-09-26T15:23:55Z,FREESHIP
NC-100547,C0027,2026-09-18T01:59:39+05:30,paid,INR,IN,2026-09-17T21:05:08Z,FESTIVE15
NC-100583,C0066,2026-09-18T21:25:24Z,shipped,USD,US,2026-09-20T16:23:38Z,
NC-100537,C0005,2026-09-17T11:31:23Z,shipped,GBP,GB,2026-09-17T22:50:57Z,WELCOME10
NC-100618,C0071,20/09/2026 03:50,delivered,USD,US,2026-09-26T20:24:37Z,
NC-100604,C0079,2026-09-19T11:44:54Z,placed,INR,IN,2026-09-19T11:45:04Z,
NC-100639,C0011,2026-09-21T00:03:53+05:30,shipped,GBP,GB,2026-09-23T07:16:30Z,VIP20
NC-100686,C0091,22/09/2026 08:00,placed,EUR,DE,2026-09-22T08:00:12Z,VIP20
NC-100334,C0083,2026-09-11T03:31:30Z,delivered,SGD,SG,2026-09-16T08:42:59Z,WELCOME10
NC-100382,C0003,12/09/2026 16:30,delivered,INR,IN,2026-09-16T02:17:29Z,
NC-100502,C0066,2026-09-16T05:21:36Z,shipped,INR,IN,2026-09-17T19:31:43Z,VIP20
NC-100877,C0027,2026-09-29T01:46:00+05:30,paid,INR,IN,2026-09-28T20:19:03Z,FESTIVE15
NC-100611,C0027,19/09/2026 20:50,placed,INR,IN,2026-09-19T20:50:17Z,FREESHIP
NC-100779,C0062,2026-09-25T20:18:16+05:30,placed,INR,IN,2026-09-25T14:48:41Z,FREESHIP
NC-100496,C0003,2026-09-16T06:05:31+05:30,placed,INR,IN,2026-09-16T00:36:03Z,
NC-100904,C0054,29/09/2026 13:34,shipped,EUR,DE,2026-09-30T13:24:40Z,
NC-100543,C0058,17/09/2026 18:03,paid,USD,US,2026-09-17T18:49:07Z,
NC-100899,C0107,2026-09-29T10:04:18Z,paid,USD,US,2026-09-29T10:22:38Z,FREESHIP
NC-100596,C0066,2026-09-19T11:12:36+05:30,shipped,INR,IN,2026-09-21T04:04:12Z,
NC-100528,C0035,2026-09-17T04:05:58Z,delivered,INR,IN,2026-09-23T02:25:06Z,
NC-100520,C0100,16/09/2026 18:50,placed,EUR,DE,2026-09-16T18:50:19Z,FESTIVE15
NC-100592,C0058,2026-09-19T04:08:21Z,delivered,USD,US,2026-09-22T13:49:59Z,VIP20
NC-100924,C0095,2026-09-30T14:25:47+05:30,placed,INR,IN,2026-09-30T08:56:00Z,
NC-100462,C0044,2026-09-14T22:01:18Z,shipped,SGD,SG,2026-09-16T19:43:31Z,
NC-100689,C0058,22/09/2026 10:29,placed,USD,US,2026-09-22T10:29:04Z,
NC-100813,C0058,26/09/2026 14:32,shipped,USD,US,2026-09-28T12:20:22Z,
NC-100549,C0116,2026-09-18T02:49:02+05:30,placed,EUR,DE,2026-09-17T21:19:39Z,FREESHIP
NC-100613,C0119,19/09/2026 21:03,paid,INR,IN,2026-09-19T22:51:34Z,
NC-100818,C0091,2026-09-26T21:03:32+05:30,delivered,GBP,GB,2026-09-30T10:51:12Z,
NC-100639,C0011,2026-09-21T00:03:53+05:30,delivered,GBP,GB,2026-09-28T00:16:30Z,VIP20
NC-100594,C0128,2026-09-19T05:12:50Z,delivered,EUR,DE,2026-09-26T16:28:09Z,FESTIVE15
NC-100579,C0066,2026-09-19T00:35:48+05:30,shipped,INR,IN,2026-09-19T05:50:50Z,FESTIVE15
NC-100809,C0011,26/09/2026 11:52,shipped,,US,2026-09-26T23:05:03Z,
NC-100938,C0026,2026-09-30T22:22:14+05:30,placed,INR,IN,2026-09-30T16:52:30Z,VIP20
NC-100659,C0079,21/09/2026 08:53,shipped,INR,IN,2026-09-21T23:27:13Z,VIP20
NC-100495,C0039,2026-09-15T23:26:23Z,shipped,GBP,GB,2026-09-18T01:21:00Z,FESTIVE15
NC-100675,C0115,2026-09-22T05:17:49+05:30,shipped,INR,IN,2026-09-23T01:29:20Z,FESTIVE15
NC-100416,C0059,2026-09-13T11:45:22Z,delivered,GBP,GB,2026-09-19T04:40:37Z,VIP20
NC-100709,C0001,2026-09-23T09:11:33+05:30,shipped,INR,IN,2026-09-24T09:05:55Z,
NC-100640,C0094,2026-09-20T19:09:16Z,placed,EUR,DE,2026-09-20T19:09:41Z,
NC-100665,C0015,21/09/2026 13:57,shipped,SGD,SG,2026-09-23T03:21:16Z,
NC-100864,C0058,28/09/2026 11:54,paid,usd,US,2026-09-28T14:28:33Z,
NC-100331,C0048,2026-09-11T01:13:39Z,delivered,USD,US,2026-09-17T02:33:55Z,
NC-100596,C0066,2026-09-19T11:12:36+05:30,delivered,INR,IN,2026-09-23T22:04:12Z,
NC-100652,C0058,2026-09-21T08:52:57+05:30,placed,USD,US,2026-09-21T03:23:27Z,
NC-100529,C0035,2026-09-17T04:37:49Z,delivered,INR,IN,2026-09-21T17:05:03Z,
NC-100557,C0058,2026-09-18T01:51:32Z,delivered,USD,US,2026-09-24T20:06:10Z,VIP20
NC-100750,C0027,2026-09-24T14:04:12Z,placed,EUR,IN,2026-09-24T14:04:44Z,FREESHIP
NC-100811,C0082,2026-09-26T12:53:30Z,paid,GBP,GB,2026-09-26T13:04:38Z,
NC-100902,C0044,29/09/2026 11:01,shipped,SGD,SG,2026-09-30T10:21:27Z,FREESHIP
NC-100489,C0091,2026-09-16T00:15:10+05:30,delivered,GBP,GB,2026-09-20T13:28:21Z,
NC-100883,C0066,2026-09-29T04:07:44+05:30,paid,INR,IN,2026-09-29T01:36:13Z,
NC-100826,C0053,2026-09-27T00:51:16Z,delivered,EUR,DE,2026-09-29T16:33:44Z,
NC-100790,C0027,25/09/2026 22:07,paid,INR,IN,2026-09-26T00:01:08Z,VIP20
NC-100809,C0011,26/09/2026 11:52,placed,,US,2026-09-26T11:52:03Z,
NC-100889,C0020,2026-09-29T02:37:53Z,paid,EUR,DE,2026-09-29T04:17:08Z,VIP20
NC-100518,C0065,2026-09-16T22:59:09+05:30,placed,USD,US,2026-09-16T17:29:29Z,FREESHIP
NC-100590,C0120,2026-09-19T07:45:08+05:30,shipped,INR,IN,2026-09-21T00:40:23Z,
NC-100736,C0004,2026-09-24T00:18:41Z,delivered,USD,DE,2026-09-29T21:06:11Z,FESTIVE15
NC-100709,C0001,2026-09-23T09:11:33+05:30,placed,INR,IN,2026-09-23T03:41:55Z,
NC-100534,C0035,17/09/2026 09:35,delivered,,IN,2026-09-23T05:55:16Z,
NC-100717,C0054,2026-09-23T09:41:32Z,shipped,EUR,DE,2026-09-24T00:03:08Z,FREESHIP
NC-100606,C0045,2026-09-19T19:08:00+05:30,placed,EUR,IN,2026-09-19T13:38:14Z,
NC-100713,C0035,23/09/2026 07:08,delivered,GBP,GB,2026-09-29T11:28:06Z,
NC-100723,C0068,2026-09-23T17:54:06+05:30,placed,INR,IN,2026-09-23T12:24:37Z,
NC-100929,C0011,2026-09-30T12:55:08Z,placed,USD,US,2026-09-30T12:55:38Z,
NC-100512,C0094,2026-09-16T12:57:49Z,placed,GBP,GB,2026-09-16T12:58:14Z,
NC-100614,C0011,19/09/2026 23:31,shipped,USD,US,2026-09-21T00:50:08Z,FREESHIP
NC-100115,C0011,2026-09-04T09:21:20Z,paid,USD,US,2026-09-04T10:25:40Z,
NC-100610,C0090,2026-09-20T02:09:49+05:30,delivered,INR,IN,2026-09-27T04:28:17Z,
NC-100684,C0065,2026-09-22T07:16:22Z,paid,USD,US,2026-09-22T08:47:46Z,
NC-100753,C0026,2026-09-24T22:17:51+05:30,placed,INR,IN,2026-09-24T16:47:55Z,
NC-100668,C0085,2026-09-21T15:16:59Z,shipped,INR,IN,2026-09-23T21:23:33Z,FREESHIP
NC-100739,C0065,24/09/2026 04:04,shipped,USD,US,2026-09-24T20:32:09Z,
NC-100701,C0089,2026-09-22T20:15:41Z,placed,,US,2026-09-22T20:16:08Z,
NC-100700,C0127,22/09/2026 19:41,shipped,USD,DE,2026-09-24T02:45:31Z,FESTIVE15
NC-100842,C0130,2026-09-27T18:18:30+05:30,placed,INR,IN,2026-09-27T12:48:41Z,FREESHIP
NC-100858,C0091,28/09/2026 05:32,placed,GBP,GB,2026-09-28T05:32:29Z,FESTIVE15
NC-100869,C0044,2026-09-28T20:09:11+05:30,placed,SGD,SG,2026-09-28T14:39:33Z,FREESHIP
NC-100935,C0003,2026-09-30T15:15:24Z,placed,,IN,2026-09-30T15:15:31Z,
NC-100922,C0079,2026-09-30T12:29:26+05:30,paid,INR,IN,2026-09-30T07:27:48Z,FREESHIP
NC-100925,C0119,30/09/2026 09:43,placed,INR,IN,2026-09-30T09:43:11Z,
NC-100746,C0020,2026-09-24T16:46:31+05:30,delivered,inr,IN,2026-09-29T02:37:40Z,FREESHIP
NC-100409,C0044,2026-09-13T07:53:53Z,delivered,SGD,SG,2026-09-18T15:54:12Z,VIP20
NC-100531,C0089,2026-09-17T06:39:35Z,delivered,USD,US,2026-09-20T13:59:09Z,FESTIVE15
NC-100779,C0062,2026-09-25T20:18:16+05:30,delivered,INR,IN,2026-09-29T00:36:41Z,FREESHIP
NC-100879,C0011,2026-09-28T20:59:54Z,placed,USD,US,2026-09-28T21:00:19Z,WELCOME10
NC-100369,C0004,2026-09-12T12:31:03+05:30,delivered,INR,IN,2026-09-17T12:35:36Z,VIP20
NC-100652,C0058,2026-09-21T08:52:57+05:30,paid,USD,US,2026-09-21T04:24:27Z,
NC-100512,C0094,2026-09-16T12:57:49Z,shipped,GBP,GB,2026-09-17T02:35:14Z,
NC-100484,C0079,2026-09-16T02:10:36+05:30,shipped,INR,IN,2026-09-18T12:00:00Z,FESTIVE15
NC-100770,C0027,2026-09-25T12:46:25+05:30,cancelled,INR,IN,2026-09-25T17:16:56Z,WELCOME10
NC-100450,C0100,14/09/2026 12:09,shipped,EUR,DE,2026-09-16T15:20:35Z,
NC-100894,C0027,2026-09-29T05:49:37Z,placed,SGD,SG,2026-09-29T05:49:56Z,
NC-100617,C0001,2026-09-20T09:08:43+05:30,paid,INR,IN,2026-09-20T05:43:46Z,
NC-100849,C0027,2026-09-27T23:45:14+05:30,paid,INR,IN,2026-09-27T20:26:18Z,
NC-100610,C0090,2026-09-20T02:09:49+05:30,paid,INR,IN,2026-09-19T22:28:17Z,
NC-100859,C0097,2026-09-28T12:29:46+05:30,cancelled,INR,IN,2026-09-29T03:59:59Z,
NC-100706,C0058,2026-09-23T00:08:54Z,shipped,USD,US,2026-09-24T23:08:12Z,
NC-100544,C0035,2026-09-17T18:19:23Z,placed,,IN,2026-09-17T18:19:43Z,
NC-100903,C0087,2026-09-29T17:25:07+05:30,placed,,US,2026-09-29T11:55:40Z,VIP20
NC-100631,C0071,2026-09-20T10:11:01Z,shipped,USD,US,2026-09-21T08:38:15Z,FESTIVE15
NC-100604,C0079,2026-09-19T11:44:54Z,shipped,INR,IN,2026-09-20T21:53:04Z,
NC-100337,C0058,11/09/2026 05:52,delivered,USD,US,2026-09-16T16:36:39Z,FESTIVE15
NC-100871,C0097,2026-09-28T21:58:20+05:30,paid,INR,IN,2026-09-28T18:14:41Z,
NC-100667,C0057,21/09/2026 14:43,placed,USD,US,2026-09-21T14:43:26Z,FESTIVE15
NC-100626,C0066,2026-09-20T12:36:56+05:30,delivered,EUR,IN,2026-09-27T18:30:36Z,
NC-100691,C0128,22/09/2026 12:39,shipped,EUR,DE,2026-09-23T12:04:29Z,
NC-100823,C0044,26/09/2026 18:07,paid,INR,IN,2026-09-26T18:22:06Z,FESTIVE15
NC-100731,C0012,23/09/2026 22:17,delivered,INR,IN,2026-09-29T23:38:29Z,WELCOME10
NC-100679,C0098,2026-09-22T07:10:46+05:30,paid,INR,IN,2026-09-22T04:40:00Z,
NC-100444,C0011,2026-09-14T08:47:30Z,shipped,USD,US,2026-09-16T12:23:58Z,FREESHIP
NC-100480,C0024,2026-09-15T18:15:29+05:30,delivered,,IN,2026-09-21T12:27:44Z,FREESHIP
NC-100595,C0027,2026-09-19T10:50:35+05:30,delivered,INR,IN,2026-09-23T16:56:53Z,FREESHIP
NC-100904,C0054,29/09/2026 13:34,paid,EUR,DE,2026-09-29T16:24:40Z,
NC-100703,C0109,2026-09-22T21:44:23Z,delivered,GBP,GB,2026-09-28T04:13:54Z,
NC-100519,C0002,2026-09-16T23:12:23+05:30,shipped,INR,IN,2026-09-17T09:07:52Z,WELCOME10
NC-100602,C0079,2026-09-19T16:33:16+05:30,delivered,INR,IN,2026-09-24T07:18:35Z,
NC-100944,C0904,2026-10-01T04:55:17+05:30,placed,INR,IN,2026-09-30T23:25:45Z,VIP20
NC-100500,C0902,2026-09-16T10:09:22+05:30,delivered,USD,IN,2026-09-21T02:29:01Z,FREESHIP
NC-100857,C0091,2026-09-28T03:54:31Z,placed,GBP,GB,2026-09-28T03:54:52Z,WELCOME10
NC-100698,C0003,2026-09-22T23:02:37+05:30,delivered,INR,IN,2026-09-30T10:58:45Z,FREESHIP
NC-100481,C0060,2026-09-15T12:54:34Z,delivered,USD,US,2026-09-18T20:32:52Z,FREESHIP
NC-100450,C0100,14/09/2026 12:09,delivered,EUR,DE,2026-09-21T19:20:35Z,
NC-100578,C0005,2026-09-18T17:56:57Z,delivered,GBP,GB,2026-09-24T05:44:05Z,WELCOME10
NC-100632,C0004,2026-09-20T16:46:41+05:30,delivered,EUR,DE,2026-09-24T02:28:57Z,
NC-100850,C0035,2026-09-27T19:21:14Z,paid,GBP,GB,2026-09-27T20:25:40Z,
NC-100763,C0002,2026-09-25T04:30:51+05:30,paid,GBP,IN,2026-09-24T23:31:07Z,
NC-100877,C0027,2026-09-29T01:46:00+05:30,shipped,INR,IN,2026-09-29T15:19:03Z,FESTIVE15
NC-100595,C0027,2026-09-19T10:50:35+05:30,paid,INR,IN,2026-09-19T06:56:53Z,FREESHIP
NC-100861,C0055,28/09/2026 09:31,cancelled,GBP,GB,2026-09-29T06:12:11Z,
NC-100691,C0128,22/09/2026 12:39,delivered,EUR,DE,2026-09-25T23:04:29Z,
NC-100696,C0080,2026-09-22T16:24:26Z,placed,,US,2026-09-22T16:24:53Z,
NC-100585,C0119,2026-09-19T04:34:59+05:30,delivered,INR,IN,2026-09-25T16:53:26Z,
NC-100543,C0058,17/09/2026 18:03,placed,USD,US,2026-09-17T18:03:07Z,
NC-100765,C0020,24/09/2026 23:59,placed,EUR,DE,2026-09-24T23:59:11Z,FESTIVE15
NC-100654,C0044,21/09/2026 04:55,delivered,USD,US,2026-09-25T03:28:08Z,FESTIVE15
NC-100424,C0077,2026-09-13T23:28:53+05:30,delivered,INR,IN,2026-09-19T10:39:29Z,
NC-100535,C0006,17/09/2026 09:57,delivered,USD,US,2026-09-20T18:24:14Z,
NC-100634,C0003,20/09/2026 12:11,placed,INR,IN,2026-09-20T12:11:30Z,WELCOME10
NC-100395,C0058,2026-09-12T21:34:38Z,delivered,GBP,US,2026-09-17T01:45:40Z,
NC-100651,C0901,21/09/2026 03:10,placed,GBP,GB,2026-09-21T03:10:34Z,FESTIVE15
NC-100742,C0053,2026-09-24T12:18:14+05:30,delivered,eur,DE,2026-09-29T03:54:37Z,
NC-100711,C0084,2026-09-23T04:43:49Z,delivered,sgd,SG,2026-09-28T09:58:18Z,VIP20
NC-100784,C0062,2026-09-26T00:25:43+05:30,paid,GBP,IN,2026-09-25T19:25:03Z,FESTIVE15
NC-100703,C0109,2026-09-22T21:44:23Z,placed,GBP,GB,2026-09-22T21:44:54Z,
NC-100777,C0117,25/09/2026 12:16,placed,EUR,DE,2026-09-25T12:16:29Z,
NC-100454,C0044,2026-09-14T20:06:11+05:30,delivered,SGD,SG,2026-09-20T02:00:34Z,
NC-100586,C0091,2026-09-19T06:27:03+05:30,delivered,GBP,GB,2026-09-25T11:00:05Z,
NC-100488,C0035,2026-09-16T02:29:13+05:30,shipped,INR,IN,2026-09-17T23:00:00Z,VIP20
NC-100827,C0091,27/09/2026 03:08,shipped,GBP,GB,2026-09-29T16:46:40Z,
NC-100809,C0011,26/09/2026 11:52,delivered,,US,2026-09-30T08:05:03Z,
NC-100733,C0118,2026-09-23T23:32:40Z,delivered,GBP,GB,2026-09-27T19:14:56Z,
NC-100910,C0105,2026-09-29T18:18:36Z,paid,GBP,GB,2026-09-29T18:23:53Z,FESTIVE15
NC-100593,C0076,2026-09-19T04:25:51Z,shipped,INR,IN,2026-09-21T03:02:22Z,FESTIVE15
NC-100911,C0035,2026-09-30T01:48:35+05:30,paid,INR,IN,2026-09-29T23:08:58Z,FREESHIP
NC-100501,C0003,2026-09-16T10:42:36+05:30,placed,INR,IN,2026-09-16T05:12:57Z,WELCOME10
NC-100545,C0094,2026-09-17T19:39:26Z,paid,GBP,GB,2026-09-17T20:47:54Z,WELCOME10
NC-100388,C0065,12/09/2026 18:43,delivered,USD,US,2026-09-18T04:31:05Z,FESTIVE15
NC-100534,C0035,17/09/2026 09:35,paid,,IN,2026-09-17T10:55:16Z,
NC-100555,C0027,2026-09-18T05:26:47+05:30,delivered,INR,IN,2026-09-22T20:30:06Z,FREESHIP
NC-100548,C0080,2026-09-17T20:56:19Z,shipped,,US,2026-09-18T13:04:35Z,
NC-100545,C0094,2026-09-17T19:39:26Z,delivered,GBP,GB,2026-09-21T06:47:54Z,WELCOME10
NC-100607,C0099,2026-09-19T13:57:39Z,delivered,EUR,DE,2026-09-23T22:16:49Z,FESTIVE15
NC-100803,C0061,2026-09-26T07:14:20Z,placed,INR,IN,2026-09-26T07:14:57Z,
NC-100475,C0027,2026-09-15T15:28:14+05:30,delivered,INR,IN,2026-09-21T22:49:27Z,FESTIVE15
NC-100447,C0057,2026-09-14T11:08:37Z,shipped,USD,US,2026-09-16T20:57:01Z,
NC-100690,C0003,2026-09-22T17:26:22+05:30,shipped,INR,IN,2026-09-23T01:23:02Z,FESTIVE15
NC-100587,C0058,2026-09-19T01:03:35Z,placed,USD,US,2026-09-19T01:04:04Z,
NC-100455,C0039,14/09/2026 15:22,delivered,EUR,DE,2026-09-20T10:30:23Z,FESTIVE15
NC-100850,C0035,2026-09-27T19:21:14Z,delivered,GBP,GB,2026-09-30T23:25:40Z,
NC-100459,C0049,2026-09-14T19:28:00Z,delivered,GBP,GB,2026-09-21T01:00:11Z,
NC-100477,C0055,2026-09-15T10:53:14Z,delivered,GBP,GB,2026-09-20T21:35:37Z,VIP20
NC-100664,C0014,2026-09-21T17:51:51+05:30,shipped,INR,IN,2026-09-23T01:59:08Z,FESTIVE15
NC-100855,C0086,2026-09-28T04:25:35+05:30,placed,INR,IN,2026-09-27T22:56:15Z,FREESHIP
NC-100771,C0080,2026-09-25T08:08:09Z,shipped,USD,US,2026-09-27T11:59:49Z,WELCOME10
NC-100612,C0089,19/09/2026 20:55,delivered,USD,US,2026-09-26T03:10:26Z,VIP20
NC-100831,C0066,2026-09-27T11:16:00+05:30,placed,INR,IN,2026-09-27T05:46:39Z,
NC-100708,C0063,2026-09-23T00:57:06Z,delivered,SGD,SG,2026-09-29T21:00:41Z,
NC-100662,C0099,21/09/2026 10:30,placed,EUR,DE,2026-09-21T10:30:35Z,
NC-100877,C0027,2026-09-29T01:46:00+05:30,placed,INR,IN,2026-09-28T20:16:03Z,FESTIVE15
NC-100530,C0083,2026-09-17T12:03:03+05:30,delivered,SGD,SG,2026-09-19T22:37:06Z,
NC-100683,C0060,2026-09-22T06:40:19Z,paid,USD,US,2026-09-22T07:44:39Z,FREESHIP
NC-100474,C0120,2026-09-16T04:28:52+05:30,delivered,INR,IN,2026-09-20T03:02:00Z,
NC-100727,C0026,2026-09-24T01:10:08+05:30,paid,INR,IN,2026-09-23T21:37:23Z,
NC-100751,C0049,2026-09-24T14:30:04Z,placed,GBP,GB,2026-09-24T14:30:10Z,
NC-100712,C0084,23/09/2026 05:49,placed,SGD,SG,2026-09-23T05:49:33Z,VIP20
NC-100504,C0903,2026-09-16T06:44:00Z,delivered,GBP,GB,2026-09-19T23:13:26Z,
NC-100630,C0906,2026-09-20T15:31:03+05:30,placed,EUR,DE,2026-09-20T10:01:26Z,VIP20
NC-100400,C0079,2026-09-13T07:28:04+05:30,delivered,inr,IN,2026-09-19T00:04:41Z,FREESHIP
NC-100784,C0062,2026-09-26T00:25:43+05:30,placed,GBP,IN,2026-09-25T18:56:03Z,FESTIVE15
NC-100853,C0003,2026-09-28T03:24:30+05:30,placed,INR,IN,2026-09-27T21:54:38Z,VIP20
NC-100650,C0130,2026-09-21T08:27:26+05:30,placed,INR,IN,2026-09-21T02:57:49Z,
NC-100870,C0083,28/09/2026 16:25,shipped,SGD,SG,2026-09-29T14:07:21Z,
NC-100702,C0109,22/09/2026 21:13,placed,INR,IN,2026-09-22T21:13:08Z,WELCOME10
NC-100892,C0020,29/09/2026 04:16,placed,EUR,DE,2026-09-29T04:16:02Z,FESTIVE15
NC-100572,C0020,18/09/2026 16:17,shipped,INR,IN,2026-09-19T16:28:31Z,VIP20
NC-100544,C0035,2026-09-17T18:19:23Z,shipped,INR,IN,2026-09-18T12:15:43Z,
NC-100504,C0903,2026-09-16T06:44:00Z,shipped,GBP,GB,2026-09-17T05:13:26Z,
NC-100773,C0027,2026-09-25T09:35:49Z,delivered,INR,IN,2026-09-29T17:40:10Z,
NC-100725,C0007,2026-09-23T23:02:07+05:30,shipped,INR,IN,2026-09-25T05:54:26Z,FREESHIP
NC-100945,C0027,30/09/2026 23:41,placed,INR,IN,2026-09-30T23:41:02Z,
NC-100523,C0088,2026-09-17T02:52:40+05:30,placed,,IN,2026-09-16T21:22:55Z,
NC-100898,C0122,29/09/2026 08:21,paid,USD,US,2026-09-29T09:23:40Z,
NC-100783,C0017,2026-09-25T18:21:03Z,placed,EUR,DE,2026-09-25T18:21:33Z,WELCOME10
NC-100684,C0065,2026-09-22T07:16:22Z,delivered,USD,US,2026-09-27T08:47:46Z,
NC-100662,C0099,21/09/2026 10:30,delivered,EUR,DE,2026-09-26T01:00:35Z,
NC-100146,C0091,2026-09-05T16:02:42+05:30,paid,EUR,GB,2026-09-05T11:32:56Z,
NC-100039,C0125,2026-09-02T07:31:38Z,paid,EUR,DE,2026-09-02T07:48:48Z,
NC-100762,C0117,24/09/2026 22:51,paid,SGD,SG,2026-09-24T23:26:15Z,
NC-100434,C0097,14/09/2026 02:29,shipped,SGD,SG,2026-09-16T09:44:03Z,FESTIVE15
NC-100829,C0074,27/09/2026 04:45,paid,INR,IN,2026-09-27T06:46:32Z,
NC-100750,C0027,2026-09-24T14:04:12Z,shipped,EUR,IN,2026-09-27T04:24:44Z,FREESHIP
NC-100921,C0058,30/09/2026 05:57,placed,EUR,US,2026-09-30T05:57:12Z,FESTIVE15
NC-100897,C0071,2026-09-29T07:44:59Z,placed,USD,US,2026-09-29T07:45:37Z,
NC-100602,C0079,2026-09-19T16:33:16+05:30,shipped,INR,IN,2026-09-20T08:18:35Z,
NC-100389,C0102,2026-09-12T19:09:56Z,delivered,SGD,SG,2026-09-17T16:27:06Z,FREESHIP
NC-100860,C0051,2026-09-28T08:17:59Z,placed,GBP,GB,2026-09-28T08:18:21Z,VIP20
NC-100448,C0044,2026-09-14T11:32:36Z,shipped,gbp,GB,2026-09-16T03:38:59Z,FESTIVE15
NC-100942,C0035,2026-10-01T03:10:33+05:30,placed,INR,IN,2026-09-30T21:40:37Z,
NC-100357,C0044,2026-09-11T18:11:36Z,delivered,SGD,SG,2026-09-16T02:43:06Z,FREESHIP
NC-100521,C0066,2026-09-16T19:07:55Z,paid,INR,IN,2026-09-16T19:12:22Z,
NC-100791,C0027,2026-09-25T22:26:56Z,placed,INR,IN,2026-09-25T22:27:09Z,
NC-100280,C0901,09/09/2026 10:21,delivered,USD,US,2026-09-17T01:55:28Z,
NC-100757,C0020,2026-09-24T19:44:57Z,cancelled,GBP,GB,2026-09-26T05:47:19Z,WELCOME10
NC-100486,C0046,15/09/2026 15:28,shipped,USD,US,2026-09-16T03:17:11Z,
NC-100840,C0111,2026-09-27T12:38:27Z,cancelled,USD,US,2026-09-28T17:38:50Z,WELCOME10
NC-100729,C0903,23/09/2026 22:04,shipped,SGD,SG,2026-09-24T20:03:37Z,WELCOME10
NC-100574,C0058,2026-09-18T16:50:52Z,paid,USD,US,2026-09-18T19:05:05Z,
NC-100936,C0058,30/09/2026 15:18,placed,USD,US,2026-09-30T15:18:23Z,
NC-100606,C0045,2026-09-19T19:08:00+05:30,paid,EUR,IN,2026-09-19T15:08:14Z,
NC-100552,C0038,2026-09-17T22:48:12Z,placed,USD,US,2026-09-17T22:48:35Z,FREESHIP
NC-100818,C0091,2026-09-26T21:03:32+05:30,shipped,GBP,GB,2026-09-27T02:51:12Z,
NC-100782,C0058,25/09/2026 17:48,paid,USD,US,2026-09-25T20:47:29Z,
NC-100508,C0105,2026-09-16T08:59:08Z,paid,GBP,GB,2026-09-16T11:05:34Z,VIP20
NC-100834,C0020,2026-09-27T07:32:46Z,shipped,EUR,DE,2026-09-29T19:15:19Z,FREESHIP
NC-100823,C0044,26/09/2026 18:07,placed,INR,IN,2026-09-26T18:07:06Z,FESTIVE15
NC-100745,C0003,24/09/2026 11:14,placed,GBP,GB,2026-09-24T11:14:22Z,
NC-100349,C0020,2026-09-11T17:31:38+05:30,paid,INR,IN,2026-09-11T12:33:54Z,FREESHIP
NC-100843,C0075,27/09/2026 14:04,placed,USD,US,2026-09-27T14:04:29Z,VIP20
NC-100536,C0113,2026-09-17T09:58:00Z,paid,INR,IN,2026-09-17T10:14:37Z,
NC-100885,C0030,28/09/2026 23:23,placed,SGD,SG,2026-09-28T23:23:23Z,
NC-100676,C0003,2026-09-22T06:11:02+05:30,placed,INR,IN,2026-09-22T00:41:10Z,WELCOME10
NC-100928,C0058,30/09/2026 12:48,paid,USD,US,2026-09-30T13:34:30Z,WELCOME10
NC-100705,C0044,22/09/2026 23:05,shipped,GBP,GB,2026-09-24T16:11:07Z,
NC-100791,C0027,2026-09-25T22:26:56Z,paid,INR,IN,2026-09-26T00:21:09Z,
NC-100644,C0040,20/09/2026 21:52,delivered,USD,US,2026-09-27T03:00:15Z,FESTIVE15
NC-100581,C0020,2026-09-19T02:27:48+05:30,paid,INR,IN,2026-09-18T21:15:58Z,FREESHIP
NC-100682,C0047,2026-09-22T05:55:05Z,delivered,EUR,DE,2026-09-27T13:20:21Z,WELCOME10
NC-100715,C0079,23/09/2026 08:15,delivered,,IN,2026-09-28T00:31:14Z,
NC-100729,C0903,23/09/2026 22:04,placed,SGD,SG,2026-09-23T22:04:37Z,WELCOME10
NC-100852,C0063,2026-09-27T21:04:31Z,placed,,SG,2026-09-27T21:04:56Z,FREESHIP
NC-100594,C0128,2026-09-19T05:12:50Z,shipped,EUR,DE,2026-09-21T08:28:09Z,FESTIVE15
NC-100752,C0105,2026-09-24T15:42:49Z,paid,GBP,GB,2026-09-24T18:03:20Z,VIP20
NC-100643,C0072,2026-09-20T21:25:12Z,delivered,GBP,GB,2026-09-26T20:13:19Z,FESTIVE15
NC-100628,C0044,2026-09-20T08:55:52Z,shipped,SGD,SG,2026-09-22T06:16:02Z,
NC-100639,C0011,2026-09-21T00:03:53+05:30,placed,GBP,GB,2026-09-20T18:34:30Z,VIP20
NC-100800,C0035,2026-09-26T03:17:37Z,shipped,INR,IN,2026-09-28T17:15:10Z,WELCOME10
NC-100876,C0092,28/09/2026 18:34,placed,USD,US,2026-09-28T18:34:29Z,
NC-100807,C0110,2026-09-26T09:49:18Z,paid,USD,US,2026-09-26T11:57:20Z,WELCOME10
NC-100363,C0085,2026-09-12T05:13:53+05:30,delivered,INR,IN,2026-09-18T14:26:28Z,
NC-100835,C0061,2026-09-27T08:01:48Z,cancelled,INR,IN,2026-09-27T14:02:18Z,VIP20
NC-100926,C0107,30/09/2026 12:27,placed,USD,US,2026-09-30T12:27:21Z,FESTIVE15
NC-100773,C0027,2026-09-25T09:35:49Z,placed,INR,IN,2026-09-25T09:36:10Z,
NC-100483,C0027,2026-09-15T14:16:25Z,delivered,EUR,DE,2026-09-20T21:34:28Z,
NC-100831,C0066,2026-09-27T11:16:00+05:30,shipped,INR,IN,2026-09-27T15:16:39Z,
NC-100825,C0066,2026-09-26T20:28:13Z,paid,INR,IN,2026-09-26T22:00:52Z,WELCOME10
NC-100398,C0112,2026-09-13T06:15:26+05:30,delivered,INR,IN,2026-09-18T10:47:59Z,
NC-100519,C0002,2026-09-16T23:12:23+05:30,paid,INR,IN,2026-09-16T18:07:52Z,WELCOME10
NC-100513,C0044,2026-09-16T13:08:10Z,placed,SGD,SG,2026-09-16T13:08:20Z,
NC-100869,C0044,2026-09-28T20:09:11+05:30,cancelled,SGD,SG,2026-09-29T02:39:33Z,FREESHIP
NC-100609,C0031,2026-09-19T16:39:40Z,placed,USD,US,2026-09-19T16:40:09Z,
NC-100698,C0003,2026-09-22T23:02:37+05:30,placed,INR,IN,2026-09-22T17:32:45Z,FREESHIP
NC-100788,C0080,2026-09-26T02:49:00+05:30,placed,USD,US,2026-09-25T21:19:12Z,
NC-100780,C0091,2026-09-25T16:05:08Z,shipped,GBP,GB,2026-09-27T03:03:12Z,FREESHIP
NC-100487,C0047,2026-09-15T21:13:56Z,delivered,EUR,DE,2026-09-21T18:42:00Z,VIP20
NC-100653,C0027,2026-09-21T03:32:45Z,delivered,inr,IN,2026-09-25T16:53:55Z,
NC-100629,C0012,2026-09-20T09:49:03Z,paid,SGD,SG,2026-09-20T11:48:41Z,
NC-100721,C0079,2026-09-23T17:11:38+05:30,paid,SGD,SG,2026-09-23T12:45:01Z,FESTIVE15
NC-100666,C0020,2026-09-21T20:10:40+05:30,paid,,IN,2026-09-21T17:16:01Z,
NC-100592,C0058,2026-09-19T04:08:21Z,shipped,USD,US,2026-09-20T01:49:59Z,VIP20
NC-100798,C0073,2026-09-26T02:11:10Z,shipped,USD,US,2026-09-27T01:45:14Z,WELCOME10
NC-100797,C0119,26/09/2026 01:17,placed,INR,IN,2026-09-26T01:17:15Z,
NC-100498,C0035,2026-09-16T07:08:16+05:30,shipped,INR,IN,2026-09-17T04:32:36Z,FESTIVE15
NC-100429,C0003,13/09/2026 22:27,delivered,INR,IN,2026-09-19T20:29:15Z,
NC-100553,C0097,2026-09-18T04:21:37+05:30,paid,INR,IN,2026-09-18T01:12:04Z,FESTIVE15
NC-100741,C0044,2026-09-24T06:03:59Z,shipped,SGD,SG,2026-09-25T20:13:38Z,FREESHIP
NC-100657,C0103,21/09/2026 06:31,shipped,INR,IN,2026-09-22T13:56:33Z,
NC-100867,C0079,2026-09-28T18:03:29+05:30,shipped,GBP,IN,2026-09-30T20:20:45Z,WELCOME10
NC-100941,C0116,30/09/2026 20:10,placed,USD,US,2026-09-30T20:10:21Z,FESTIVE15
NC-100873,C0035,2026-09-28T23:19:40+05:30,shipped,EUR,DE,2026-09-30T03:53:20Z,
NC-100434,C0097,14/09/2026 02:29,delivered,SGD,SG,2026-09-21T08:44:03Z,FESTIVE15
NC-100867,C0079,2026-09-28T18:03:29+05:30,placed,GBP,IN,2026-09-28T12:33:45Z,WELCOME10
NC-100371,C0079,2026-09-12T16:31:59+05:30,delivered,INR,IN,2026-09-17T14:52:06Z,
NC-100599,C0050,19/09/2026 09:16,shipped,USD,US,2026-09-20T18:51:08Z,
NC-100738,C0058,24/09/2026 04:00,paid,USD,US,2026-09-24T04:01:21Z,
NC-100621,C0103,2026-09-20T09:39:06+05:30,delivered,INR,IN,2026-09-24T17:12:14Z,VIP20
NC-100851,C0014,2026-09-27T20:53:49Z,shipped,INR,IN,2026-09-30T08:28:53Z,VIP20
NC-100737,C0905,2026-09-24T00:52:58Z,placed,GBP,GB,2026-09-24T00:53:34Z,
NC-100619,C0112,20/09/2026 03:59,delivered,USD,US,2026-09-25T18:48:40Z,WELCOME10
NC-100808,C0124,26/09/2026 10:34,shipped,USD,US,2026-09-28T21:42:27Z,VIP20
NC-100613,C0119,19/09/2026 21:03,shipped,INR,IN,2026-09-21T21:51:34Z,
NC-100742,C0053,2026-09-24T12:18:14+05:30,paid,eur,DE,2026-09-24T06:54:37Z,
NC-100789,C0035,2026-09-25T21:26:37Z,placed,INR,IN,2026-09-25T21:26:40Z,
NC-100485,C0011,2026-09-15T14:58:06Z,shipped,USD,US,2026-09-16T14:09:16Z,
NC-100614,C0011,19/09/2026 23:31,delivered,USD,US,2026-09-23T12:50:08Z,FREESHIP
NC-100847,C0020,2026-09-27T17:20:35Z,paid,EUR,DE,2026-09-27T19:09:43Z,WELCOME10
NC-100680,C0020,2026-09-22T08:33:43+05:30,placed,inr,IN,2026-09-22T03:04:01Z,
NC-100672,C0126,2026-09-21T19:03:56Z,shipped,INR,IN,2026-09-22T12:57:01Z,
NC-100640,C0094,2026-09-20T19:09:16Z,delivered,EUR,DE,2026-09-26T03:42:41Z,
NC-100652,C0058,2026-09-21T08:52:57+05:30,delivered,USD,US,2026-09-24T22:24:27Z,
NC-100881,C0122,2026-09-28T21:43:29Z,placed,USD,US,2026-09-28T21:44:04Z,
NC-100646,C0080,2026-09-21T00:10:59Z,paid,USD,US,2026-09-21T02:41:25Z,WELCOME10
NC-100562,C0091,2026-09-18T06:27:22Z,placed,GBP,GB,2026-09-18T06:27:52Z,FREESHIP
NC-100760,C0027,2026-09-25T03:08:12+05:30,delivered,INR,IN,2026-09-28T21:00:18Z,
NC-100652,C0058,2026-09-21T08:52:57+05:30,shipped,USD,US,2026-09-21T12:24:27Z,
NC-100779,C0062,2026-09-25T20:18:16+05:30,shipped,INR,IN,2026-09-26T20:36:41Z,FREESHIP
NC-100599,C0050,19/09/2026 09:16,placed,,US,2026-09-19T09:16:08Z,
NC-100888,C0003,29/09/2026 02:13,placed,INR,IN,2026-09-29T02:13:11Z,FESTIVE15
NC-100559,C0012,2026-09-18T08:36:46+05:30,placed,INR,IN,2026-09-18T03:07:11Z,FREESHIP
NC-100448,C0044,2026-09-14T11:32:36Z,delivered,gbp,GB,2026-09-20T07:38:59Z,FESTIVE15
NC-100430,C0087,2026-09-14T00:16:11Z,delivered,USD,US,2026-09-17T17:59:31Z,FESTIVE15
NC-100060,C0039,2026-09-02T19:38:31Z,paid,,SG,2026-09-02T20:18:45Z,
NC-100477,C0055,2026-09-15T10:53:14Z,shipped,GBP,GB,2026-09-16T10:35:37Z,VIP20
NC-100693,C0020,2026-09-22T20:30:53+05:30,paid,INR,IN,2026-09-22T17:03:58Z,WELCOME10
NC-100734,C0071,23/09/2026 23:45,placed,USD,US,2026-09-23T23:45:32Z,
NC-100653,C0027,2026-09-21T03:32:45Z,placed,INR,IN,2026-09-21T03:32:55Z,
NC-100565,C0114,18/09/2026 08:44,placed,EUR,DE,2026-09-18T08:44:15Z,VIP20
NC-100814,C0005,2026-09-26T14:38:07Z,paid,USD,GB,2026-09-26T17:07:16Z,FESTIVE15
NC-100643,C0072,2026-09-20T21:25:12Z,placed,GBP,GB,2026-09-20T21:25:19Z,FESTIVE15
NC-100597,C0055,19/09/2026 06:24,placed,EUR,GB,2026-09-19T06:24:02Z,FESTIVE15
NC-100656,C0116,21/09/2026 06:29,delivered,USD,US,2026-09-25T17:05:33Z,FREESHIP
NC-100857,C0091,2026-09-28T03:54:31Z,shipped,GBP,GB,2026-09-30T03:27:52Z,WELCOME10
NC-100564,C0089,18/09/2026 06:48,paid,USD,US,2026-09-18T09:44:24Z,
NC-100536,C0113,2026-09-17T09:58:00Z,paid,INR,IN,2026-09-17T10:14:37Z,
NC-100772,C0020,25/09/2026 09:11,shipped,EUR,DE,2026-09-27T03:50:27Z,FESTIVE15
NC-100521,C0066,2026-09-16T19:07:55Z,delivered,INR,IN,2026-09-22T02:12:22Z,
NC-100930,C0072,30/09/2026 13:46,paid,GBP,GB,2026-09-30T16:23:12Z,FESTIVE15
NC-100462,C0044,2026-09-14T22:01:18Z,delivered,SGD,SG,2026-09-20T03:43:31Z,
NC-100837,C0003,2026-09-27T15:16:15+05:30,paid,INR,IN,2026-09-27T11:45:18Z,FREESHIP
NC-100476,C0091,2026-09-15T10:48:36Z,shipped,GBP,GB,2026-09-16T13:55:44Z,FESTIVE15
NC-100454,C0044,2026-09-14T20:06:11+05:30,shipped,SGD,SG,2026-09-16T23:00:34Z,
NC-100563,C0009,2026-09-18T06:45:13Z,paid,EUR,DE,2026-09-18T09:40:35Z,
NC-100500,C0902,2026-09-16T10:09:22+05:30,shipped,USD,IN,2026-09-17T13:29:01Z,FREESHIP
NC-100821,C0003,2026-09-26T22:09:10+05:30,paid,INR,IN,2026-09-26T17:34:32Z,WELCOME10
NC-100663,C0079,21/09/2026 10:49,delivered,INR,IN,2026-09-25T00:28:13Z,
NC-100808,C0124,26/09/2026 10:34,placed,USD,US,2026-09-26T10:34:27Z,VIP20
NC-100692,C0040,22/09/2026 13:30,placed,GBP,GB,2026-09-22T13:30:09Z,VIP20
NC-100623,C0075,2026-09-20T05:16:21Z,paid,USD,US,2026-09-20T06:24:31Z,
NC-100497,C0088,2026-09-16T06:42:43+05:30,paid,inr,IN,2026-09-16T02:09:15Z,VIP20
NC-100728,C0068,23/09/2026 21:57,placed,INR,IN,2026-09-23T21:57:29Z,FREESHIP
NC-100670,C0072,2026-09-21T18:46:11Z,placed,GBP,GB,2026-09-21T18:46:40Z,
NC-100774,C0091,2026-09-25T10:36:08Z,placed,GBP,GB,2026-09-25T10:36:32Z,
NC-100824,C0099,2026-09-26T18:10:47Z,delivered,EUR,DE,2026-09-30T17:50:12Z,FESTIVE15
NC-100634,C0003,20/09/2026 12:11,delivered,INR,IN,2026-09-27T05:09:30Z,WELCOME10
NC-100566,C0020,18/09/2026 09:48,delivered,INR,IN,2026-09-24T10:32:37Z,
NC-100708,C0063,2026-09-23T00:57:06Z,paid,SGD,SG,2026-09-23T02:00:41Z,
NC-100703,C0109,2026-09-22T21:44:23Z,paid,GBP,GB,2026-09-22T22:13:54Z,
NC-100935,C0003,2026-09-30T15:15:24Z,paid,,IN,2026-09-30T17:21:31Z,
NC-100514,C0070,16/09/2026 14:01,placed,INR,IN,2026-09-16T14:01:08Z,FREESHIP
NC-100426,C0059,2026-09-13T19:11:01Z,delivered,GBP,GB,2026-09-20T15:05:29Z,FESTIVE15
NC-100664,C0014,2026-09-21T17:51:51+05:30,placed,INR,IN,2026-09-21T12:22:08Z,FESTIVE15
NC-100810,C0079,2026-09-26T18:04:25+05:30,paid,INR,IN,2026-09-26T13:38:58Z,
NC-100776,C0120,25/09/2026 11:30,shipped,INR,IN,2026-09-27T19:00:30Z,
NC-100544,C0035,2026-09-17T18:19:23Z,delivered,INR,IN,2026-09-22T08:15:43Z,
NC-100384,C0130,12/09/2026 16:51,delivered,inr,IN,2026-09-19T14:27:18Z,VIP20
NC-100646,C0080,2026-09-21T00:10:59Z,shipped,USD,US,2026-09-22T23:41:25Z,WELCOME10
NC-100320,C0090,2026-09-10T20:17:06+05:30,delivered,INR,IN,2026-09-17T10:54:23Z,
NC-100397,C0079,2026-09-13T06:05:31+05:30,delivered,INR,IN,2026-09-18T16:46:37Z,VIP20
NC-100636,C0066,20/09/2026 17:24,placed,gbp,IN,2026-09-20T17:24:14Z,FESTIVE15
NC-100827,C0091,27/09/2026 03:08,paid,GBP,GB,2026-09-27T05:46:40Z,
NC-100529,C0035,2026-09-17T04:37:49Z,shipped,INR,IN,2026-09-19T00:05:03Z,
NC-100697,C0058,22/09/2026 16:44,placed,USD,US,2026-09-22T16:44:32Z,
NC-100604,C0079,2026-09-19T11:44:54Z,delivered,INR,IN,2026-09-23T08:53:04Z,
NC-100630,C0906,2026-09-20T15:31:03+05:30,paid,EUR,DE,2026-09-20T11:52:26Z,VIP20
NC-100611,C0027,19/09/2026 20:50,shipped,INR,IN,2026-09-20T18:51:17Z,FREESHIP
NC-100346,C0082,2026-09-11T10:04:08Z,delivered,GBP,GB,2026-09-18T01:32:11Z,
NC-100529,C0035,2026-09-17T04:37:49Z,placed,INR,IN,2026-09-17T04:38:03Z,
NC-100918,C0021,2026-09-30T09:01:05+05:30,placed,INR,IN,2026-09-30T03:31:43Z,FESTIVE15
NC-100907,C0091,29/09/2026 17:57,placed,GBP,GB,2026-09-29T17:57:20Z,
NC-100679,C0098,2026-09-22T07:10:46+05:30,placed,INR,IN,2026-09-22T01:41:00Z,
NC-100537,C0005,2026-09-17T11:31:23Z,placed,GBP,GB,2026-09-17T11:31:57Z,WELCOME10
NC-100666,C0020,2026-09-21T20:10:40+05:30,shipped,,IN,2026-09-23T16:16:01Z,
NC-100503,C0020,2026-09-16T05:49:33Z,delivered,INR,IN,2026-09-22T12:40:57Z,WELCOME10
NC-100794,C0027,2026-09-26T05:02:54+05:30,paid,INR,IN,2026-09-26T00:47:31Z,
NC-100479,C0027,2026-09-15T18:10:24+05:30,shipped,INR,IN,2026-09-17T16:20:38Z,
NC-100913,C0003,29/09/2026 22:17,placed,EUR,DE,2026-09-29T22:17:11Z,VIP20
NC-100724,C0093,2026-09-23T13:11:58Z,cancelled,GBP,GB,2026-09-24T06:12:18Z,FESTIVE15
NC-100339,C0025,11/09/2026 06:02,delivered,GBP,GB,2026-09-16T07:00:39Z,VIP20
NC-100908,C0091,2026-09-29T18:01:17Z,shipped,GBP,GB,2026-09-30T22:04:31Z,FESTIVE15
NC-100685,C0099,22/09/2026 07:26,shipped,EUR,DE,2026-09-23T23:07:31Z,FREESHIP
NC-100441,C0066,2026-09-14T12:02:48+05:30,delivered,inr,IN,2026-09-20T03:01:53Z,FREESHIP
NC-100483,C0027,2026-09-15T14:16:25Z,delivered,EUR,DE,2026-09-20T21:34:28Z,
NC-100366,C0001,2026-09-12T02:33:26Z,delivered,INR,IN,2026-09-18T05:44:38Z,
NC-100732,C0066,2026-09-24T04:49:22+05:30,shipped,,IN,2026-09-26T12:49:47Z,WELCOME10
NC-100580,C0005,2026-09-19T02:19:57+05:30,placed,GBP,GB,2026-09-18T20:50:03Z,FREESHIP
NC-100925,C0119,30/09/2026 09:43,paid,INR,IN,2026-09-30T11:38:11Z,
NC-100577,C0028,18/09/2026 17:35,placed,USD,US,2026-09-18T17:35:15Z,FREESHIP
NC-100908,C0091,2026-09-29T18:01:17Z,placed,GBP,GB,2026-09-29T18:01:31Z,FESTIVE15
NC-100554,C0018,2026-09-18T04:44:26+05:30,placed,INR,IN,2026-09-17T23:15:03Z,FESTIVE15
NC-100772,C0020,25/09/2026 09:11,paid,EUR,DE,2026-09-25T11:50:27Z,FESTIVE15
NC-100714,C0029,2026-09-23T13:33:46+05:30,placed,INR,IN,2026-09-23T08:04:13Z,WELCOME10
NC-100900,C0048,29/09/2026 10:18,paid,USD,US,2026-09-29T10:52:04Z,WELCOME10
NC-100931,C0088,30/09/2026 13:49,placed,INR,IN,2026-09-30T13:49:39Z,FESTIVE15
NC-100861,C0055,28/09/2026 09:31,placed,GBP,GB,2026-09-28T09:31:11Z,
NC-100897,C0071,2026-09-29T07:44:59Z,shipped,USD,US,2026-09-30T10:55:37Z,
NC-100496,C0003,2026-09-16T06:05:31+05:30,delivered,INR,IN,2026-09-21T07:01:03Z,
NC-100657,C0103,21/09/2026 06:31,delivered,INR,IN,2026-09-26T07:56:33Z,
NC-100844,C0034,2026-09-27T14:18:08Z,placed,EUR,DE,2026-09-27T14:18:18Z,
NC-100557,C0058,2026-09-18T01:51:32Z,placed,USD,US,2026-09-18T01:52:10Z,VIP20
NC-100566,C0020,18/09/2026 09:48,placed,INR,IN,2026-09-18T09:48:37Z,
NC-100511,C0017,2026-09-16T12:47:24Z,placed,GBP,GB,2026-09-16T12:47:40Z,
NC-100758,C0114,24/09/2026 20:43,paid,EUR,DE,2026-09-24T22:34:20Z,FREESHIP
NC-100872,C0058,28/09/2026 17:44,placed,USD,US,2026-09-28T17:44:29Z,FESTIVE15
NC-100786,C0066,25/09/2026 19:16,shipped,INR,IN,2026-09-27T09:45:15Z,WELCOME10
NC-100624,C0114,2026-09-20T06:05:24Z,placed,SGD,SG,2026-09-20T06:05:48Z,VIP20
NC-100755,C0109,24/09/2026 16:57,paid,INR,IN,2026-09-24T17:38:15Z,
NC-100630,C0906,2026-09-20T15:31:03+05:30,delivered,EUR,DE,2026-09-27T01:52:26Z,VIP20
NC-100910,C0105,2026-09-29T18:18:36Z,placed,GBP,GB,2026-09-29T18:18:53Z,FESTIVE15
NC-100576,C0091,2026-09-18T17:06:42Z,placed,GBP,GB,2026-09-18T17:06:55Z,VIP20
NC-100392,C0069,2026-09-12T20:59:13Z,delivered,,US,2026-09-19T16:58:39Z,
NC-100752,C0105,2026-09-24T15:42:49Z,placed,GBP,GB,2026-09-24T15:43:20Z,VIP20
NC-100722,C0108,2026-09-23T11:57:52Z,paid,GBP,GB,2026-09-23T14:35:15Z,
NC-100722,C0108,2026-09-23T11:57:52Z,cancelled,GBP,GB,2026-09-24T20:35:15Z,
NC-100528,C0035,2026-09-17T04:05:58Z,shipped,INR,IN,2026-09-19T09:25:06Z,
NC-100438,C0019,2026-09-14T04:26:41Z,delivered,USD,US,2026-09-19T17:38:00Z,WELCOME10
NC-100711,C0084,2026-09-23T04:43:49Z,placed,SGD,SG,2026-09-23T04:44:18Z,VIP20
NC-100512,C0094,2026-09-16T12:57:49Z,delivered,GBP,GB,2026-09-21T10:35:14Z,
NC-100621,C0103,2026-09-20T09:39:06+05:30,placed,INR,IN,2026-09-20T04:09:14Z,VIP20
NC-100494,C0121,2026-09-15T23:08:05Z,paid,EUR,DE,2026-09-16T06:37:00Z,WELCOME10
NC-100775,C0093,2026-09-25T16:24:36+05:30,placed,GBP,GB,2026-09-25T10:54:39Z,
NC-100712,C0084,23/09/2026 05:49,delivered,SGD,SG,2026-09-30T08:51:33Z,VIP20
NC-100731,C0012,23/09/2026 22:17,shipped,INR,IN,2026-09-25T18:38:29Z,WELCOME10
NC-100776,C0120,25/09/2026 11:30,placed,INR,IN,2026-09-25T11:30:30Z,
NC-100933,C0091,2026-09-30T13:59:49Z,paid,GBP,GB,2026-09-30T15:55:06Z,FESTIVE15
NC-100594,C0128,2026-09-19T05:12:50Z,paid,EUR,DE,2026-09-19T07:28:09Z,FESTIVE15
NC-100501,C0003,2026-09-16T10:42:36+05:30,paid,INR,IN,2026-09-16T05:58:57Z,WELCOME10
NC-100521,C0066,2026-09-16T19:07:55Z,shipped,INR,IN,2026-09-18T23:12:22Z,
NC-100515,C0128,2026-09-16T14:38:49Z,placed,EUR,DE,2026-09-16T14:39:20Z,
NC-100882,C0004,2026-09-29T03:23:46+05:30,paid,INR,IN,2026-09-28T23:12:14Z,
NC-100641,C0003,2026-09-21T01:07:46+05:30,shipped,INR,IN,2026-09-23T00:11:17Z,
NC-100633,C0089,20/09/2026 11:55,delivered,USD,US,2026-09-25T19:03:13Z,FREESHIP
NC-100516,C0042,2026-09-16T16:54:43Z,placed,INR,IN,2026-09-16T16:55:11Z,FESTIVE15
NC-100379,C0083,12/09/2026 15:53,delivered,SGD,SG,2026-09-17T02:51:25Z,FREESHIP
NC-100509,C0089,2026-09-16T09:42:07Z,placed,usd,US,2026-09-16T09:42:32Z,
NC-100606,C0045,2026-09-19T19:08:00+05:30,delivered,EUR,IN,2026-09-23T15:08:14Z,
NC-100685,C0099,22/09/2026 07:26,delivered,EUR,DE,2026-09-26T22:07:31Z,FREESHIP
NC-100505,C0114,16/09/2026 07:33,placed,EUR,DE,2026-09-16T07:33:19Z,FESTIVE15
NC-100657,C0103,21/09/2026 06:31,placed,INR,IN,2026-09-21T06:31:33Z,
NC-100754,C0103,24/09/2026 16:56,paid,INR,IN,2026-09-24T19:32:19Z,WELCOME10
NC-100516,C0042,2026-09-16T16:54:43Z,shipped,INR,IN,2026-09-17T11:53:11Z,FESTIVE15
NC-100595,C0027,2026-09-19T10:50:35+05:30,placed,INR,IN,2026-09-19T05:20:53Z,FREESHIP
NC-100797,C0119,26/09/2026 01:17,shipped,INR,IN,2026-09-28T01:56:15Z,
NC-100375,C0003,2026-09-12T14:59:48Z,delivered,INR,IN,2026-09-18T08:59:26Z,WELCOME10
NC-100805,C0902,2026-09-26T09:14:35Z,paid,EUR,DE,2026-09-26T10:10:05Z,
NC-100939,C0058,2026-09-30T23:21:17+05:30,paid,USD,US,2026-09-30T20:04:47Z,
NC-100541,C0127,17/09/2026 15:30,placed,EUR,DE,2026-09-17T15:30:16Z,FESTIVE15
NC-100378,C0036,12/09/2026 15:50,delivered,usd,US,2026-09-17T20:20:31Z,
NC-100641,C0003,2026-09-21T01:07:46+05:30,delivered,INR,IN,2026-09-25T06:11:17Z,
NC-100676,C0003,2026-09-22T06:11:02+05:30,paid,INR,IN,2026-09-22T00:44:10Z,WELCOME10
NC-100940,C0098,2026-09-30T19:10:14Z,placed,INR,IN,2026-09-30T19:10:44Z,VIP20
NC-100391,C0044,12/09/2026 20:39,delivered,EUR,SG,2026-09-18T10:30:14Z,
NC-100796,C0079,2026-09-26T00:42:39Z,shipped,INR,IN,2026-09-27T01:20:56Z,
NC-100838,C0035,27/09/2026 11:48,placed,INR,IN,2026-09-27T11:48:29Z,FREESHIP
NC-100663,C0079,21/09/2026 10:49,placed,INR,IN,2026-09-21T10:49:13Z,
NC-100509,C0089,2026-09-16T09:42:07Z,shipped,usd,US,2026-09-17T21:36:32Z,
NC-100845,C0066,2026-09-27T21:59:43+05:30,shipped,INR,IN,2026-09-30T04:54:55Z,
NC-100267,C0076,2026-09-09T06:31:52+05:30,delivered,INR,IN,2026-09-16T07:47:29Z,
NC-100643,C0072,2026-09-20T21:25:12Z,shipped,GBP,GB,2026-09-22T18:13:19Z,FESTIVE15
NC-100816,C0091,2026-09-26T20:19:11+05:30,placed,SGD,SG,2026-09-26T14:49:45Z,
NC-100600,C0096,2026-09-19T14:48:39+05:30,paid,INR,IN,2026-09-19T09:28:50Z,FREESHIP
NC-100475,C0027,2026-09-15T15:28:14+05:30,shipped,INR,IN,2026-09-17T07:49:27Z,FESTIVE15
NC-100696,C0080,2026-09-22T16:24:26Z,shipped,USD,US,2026-09-24T17:54:53Z,
NC-100847,C0020,2026-09-27T17:20:35Z,shipped,EUR,DE,2026-09-28T14:09:43Z,WELCOME10
NC-100702,C0109,22/09/2026 21:13,delivered,INR,IN,2026-09-25T17:45:08Z,WELCOME10
NC-100880,C0026,28/09/2026 21:12,shipped,EUR,GB,2026-09-29T12:47:35Z,FESTIVE15
NC-100807,C0110,2026-09-26T09:49:18Z,placed,USD,US,2026-09-26T09:49:20Z,WELCOME10
NC-100815,C0091,2026-09-26T14:45:44Z,shipped,GBP,GB,2026-09-28T02:41:55Z,
NC-100713,C0035,23/09/2026 07:08,placed,,GB,2026-09-23T07:08:06Z,
NC-100736,C0004,2026-09-24T00:18:41Z,placed,USD,DE,2026-09-24T00:19:11Z,FESTIVE15
NC-100839,C0115,2026-09-27T17:57:25+05:30,shipped,INR,IN,2026-09-28T12:50:40Z,
NC-100486,C0046,15/09/2026 15:28,delivered,USD,US,2026-09-18T15:17:11Z,
NC-100673,C0058,21/09/2026 21:17,placed,USD,US,2026-09-21T21:17:10Z,
NC-100836,C0025,2026-09-27T08:19:41Z,shipped,EUR,DE,2026-09-27T18:21:19Z,
NC-100769,C0003,2026-09-25T09:41:57+05:30,shipped,INR,IN,2026-09-26T12:53:31Z,
NC-100438,C0019,2026-09-14T04:26:41Z,delivered,USD,US,2026-09-19T17:38:00Z,WELCOME10
NC-100597,C0055,19/09/2026 06:24,delivered,EUR,GB,2026-09-23T21:16:02Z,FESTIVE15
NC-100694,C0074,2026-09-22T20:41:11+05:30,placed,INR,IN,2026-09-22T15:11:51Z,
NC-100678,C0091,2026-09-22T07:04:34+05:30,paid,GBP,GB,2026-09-22T03:08:12Z,FESTIVE15
NC-100685,C0099,22/09/2026 07:26,paid,EUR,DE,2026-09-22T09:07:31Z,FREESHIP
NC-100686,C0091,22/09/2026 08:00,paid,EUR,DE,2026-09-22T10:16:12Z,VIP20
NC-100699,C0058,2026-09-23T00:31:10+05:30,placed,USD,US,2026-09-22T19:01:36Z,VIP20
NC-100798,C0073,2026-09-26T02:11:10Z,placed,USD,US,2026-09-26T02:11:14Z,WELCOME10
NC-100367,C0087,2026-09-12T02:45:20Z,delivered,USD,US,2026-09-16T12:15:59Z,VIP20
NC-100719,C0091,23/09/2026 10:36,placed,EUR,GB,2026-09-23T10:36:09Z,
NC-100539,C0058,17/09/2026 13:21,delivered,GBP,SG,2026-09-21T20:50:39Z,WELCOME10
NC-100556,C0082,18/09/2026 00:21,placed,GBP,GB,2026-09-18T00:21:33Z,
NC-100579,C0066,2026-09-19T00:35:48+05:30,delivered,INR,IN,2026-09-21T09:50:50Z,FESTIVE15
NC-100376,C0024,2026-09-12T21:14:49+05:30,delivered,INR,IN,2026-09-19T07:38:10Z,VIP20
NC-100822,C0003,2026-09-26T22:51:00+05:30,placed,INR,IN,2026-09-26T17:21:08Z,
NC-100723,C0068,2026-09-23T17:54:06+05:30,delivered,INR,IN,2026-09-29T14:11:37Z,
NC-100939,C0058,2026-09-30T23:21:17+05:30,placed,USD,US,2026-09-30T17:51:47Z,
NC-100659,C0079,21/09/2026 08:53,paid,INR,IN,2026-09-21T11:27:13Z,VIP20
NC-100622,C0050,2026-09-20T04:43:52Z,placed,USD,US,2026-09-20T04:44:32Z,
NC-100479,C0027,2026-09-15T18:10:24+05:30,delivered,inr,IN,2026-09-21T17:20:38Z,
NC-100503,C0020,2026-09-16T05:49:33Z,placed,INR,IN,2026-09-16T05:49:57Z,WELCOME10
NC-100523,C0088,2026-09-17T02:52:40+05:30,cancelled,,IN,2026-09-17T17:24:55Z,
NC-100894,C0027,2026-09-29T05:49:37Z,paid,SGD,SG,2026-09-29T08:10:56Z,
NC-100575,C0126,2026-09-18T22:35:02+05:30,delivered,USD,IN,2026-09-24T06:31:39Z,FREESHIP
NC-100853,C0003,2026-09-28T03:24:30+05:30,paid,INR,IN,2026-09-27T22:57:38Z,VIP20
NC-100617,C0001,2026-09-20T09:08:43+05:30,delivered,INR,IN,2026-09-27T03:43:46Z,
NC-100622,C0050,2026-09-20T04:43:52Z,delivered,USD,US,2026-09-27T23:40:32Z,
NC-100600,C0096,2026-09-19T14:48:39+05:30,shipped,INR,IN,2026-09-21T04:28:50Z,FREESHIP
NC-100461,C0027,14/09/2026 19:53,delivered,INR,IN,2026-09-20T00:17:18Z,FESTIVE15
NC-100667,C0057,21/09/2026 14:43,cancelled,USD,US,2026-09-23T15:58:26Z,FESTIVE15
NC-100508,C0105,2026-09-16T08:59:08Z,shipped,GBP,GB,2026-09-17T06:05:34Z,VIP20
NC-100816,C0091,2026-09-26T20:19:11+05:30,shipped,SGD,SG,2026-09-28T19:52:45Z,
NC-100616,C0037,2026-09-20T02:23:41Z,placed,USD,US,2026-09-20T02:24:11Z,FREESHIP
NC-100604,C0079,2026-09-19T11:44:54Z,paid,INR,IN,2026-09-19T11:53:04Z,
NC-100766,C0003,2026-09-25T05:42:09+05:30,shipped,INR,IN,2026-09-25T13:26:30Z,WELCOME10
NC-100590,C0120,2026-09-19T07:45:08+05:30,delivered,INR,IN,2026-09-25T08:40:23Z,
NC-100739,C0065,24/09/2026 04:04,delivered,USD,US,2026-09-30T02:32:09Z,
NC-100797,C0119,26/09/2026 01:17,delivered,INR,IN,2026-09-30T19:56:15Z,
NC-100642,C0049,20/09/2026 19:43,placed,eur,DE,2026-09-20T19:43:40Z,WELCOME10
NC-100614,C0011,19/09/2026 23:31,placed,USD,US,2026-09-19T23:31:08Z,FREESHIP
NC-100622,C0050,2026-09-20T04:43:52Z,paid,USD,US,2026-09-20T07:40:32Z,
NC-100705,C0044,22/09/2026 23:05,placed,GBP,GB,2026-09-22T23:05:07Z,
NC-100624,C0114,2026-09-20T06:05:24Z,delivered,SGD,SG,2026-09-26T11:22:48Z,VIP20
NC-100752,C0105,2026-09-24T15:42:49Z,shipped,GBP,GB,2026-09-25T03:03:20Z,VIP20
NC-100913,C0003,29/09/2026 22:17,paid,EUR,DE,2026-09-29T22:18:11Z,VIP20
NC-100496,C0003,2026-09-16T06:05:31+05:30,paid,INR,IN,2026-09-16T03:01:03Z,
NC-100556,C0082,18/09/2026 00:21,shipped,GBP,GB,2026-09-19T05:16:33Z,
NC-100576,C0091,2026-09-18T17:06:42Z,paid,GBP,GB,2026-09-18T19:21:55Z,VIP20
NC-100537,C0005,2026-09-17T11:31:23Z,delivered,GBP,GB,2026-09-21T21:50:57Z,WELCOME10
NC-100710,C0010,2026-09-23T03:54:09Z,delivered,USD,US,2026-09-27T07:06:32Z,VIP20
NC-100660,C0035,2026-09-21T09:56:34Z,placed,INR,IN,2026-09-21T09:57:02Z,
NC-100460,C0011,2026-09-14T19:43:52Z,delivered,USD,US,2026-09-21T14:14:06Z,
NC-100810,C0079,2026-09-26T18:04:25+05:30,placed,INR,IN,2026-09-26T12:34:58Z,
NC-100449,C0104,2026-09-14T17:16:22+05:30,delivered,INR,IN,2026-09-20T04:59:29Z,VIP20
NC-100476,C0091,2026-09-15T10:48:36Z,delivered,GBP,GB,2026-09-21T07:55:44Z,FESTIVE15
NC-100735,C0011,2026-09-24T05:27:09+05:30,delivered,USD,US,2026-09-28T07:14:44Z,VIP20
NC-100874,C0007,28/09/2026 17:52,shipped,INR,IN,2026-09-30T09:11:14Z,WELCOME10
NC-100548,C0080,2026-09-17T20:56:19Z,placed,,US,2026-09-17T20:56:35Z,
NC-100505,C0114,16/09/2026 07:33,shipped,EUR,DE,2026-09-18T11:22:19Z,FESTIVE15
NC-100730,C0027,23/09/2026 22:16,delivered,USD,US,2026-09-29T01:40:04Z,
NC-100758,C0114,24/09/2026 20:43,delivered,EUR,DE,2026-09-29T23:34:20Z,FREESHIP
NC-100790,C0027,25/09/2026 22:07,delivered,INR,IN,2026-09-30T16:01:08Z,VIP20
NC-100649,C0091,2026-09-21T07:14:04+05:30,placed,EUR,GB,2026-09-21T01:44:19Z,
NC-100891,C0003,2026-09-29T08:18:35+05:30,paid,INR,IN,2026-09-29T04:43:38Z,FESTIVE15
NC-100715,C0079,23/09/2026 08:15,shipped,,IN,2026-09-25T04:31:14Z,
NC-100593,C0076,2026-09-19T04:25:51Z,placed,INR,IN,2026-09-19T04:26:22Z,FESTIVE15
NC-100882,C0004,2026-09-29T03:23:46+05:30,placed,INR,IN,2026-09-28T21:54:14Z,
NC-100493,C0027,15/09/2026 21:55,paid,,IN,2026-09-16T05:12:00Z,
NC-100802,C0011,26/09/2026 07:11,shipped,USD,US,2026-09-28T05:20:40Z,WELCOME10
NC-100881,C0122,2026-09-28T21:43:29Z,shipped,USD,US,2026-09-30T10:34:04Z,
NC-100571,C0118,2026-09-18T16:16:46Z,paid,GBP,GB,2026-09-18T17:43:21Z,VIP20
NC-100515,C0128,2026-09-16T14:38:49Z,shipped,eur,DE,2026-09-17T07:35:20Z,
NC-100821,C0003,2026-09-26T22:09:10+05:30,shipped,INR,IN,2026-09-29T04:34:32Z,WELCOME10
NC-100607,C0099,2026-09-19T13:57:39Z,paid,EUR,DE,2026-09-19T16:16:49Z,FESTIVE15
NC-100827,C0091,27/09/2026 03:08,placed,GBP,GB,2026-09-27T03:08:40Z,
NC-100920,C0035,2026-09-30T10:08:26+05:30,paid,INR,IN,2026-09-30T06:24:31Z,
NC-100638,C0021,2026-09-20T23:22:47+05:30,delivered,INR,IN,2026-09-26T19:05:21Z,FREESHIP
NC-100612,C0089,19/09/2026 20:55,paid,USD,US,2026-09-19T22:10:26Z,VIP20
NC-100565,C0114,18/09/2026 08:44,shipped,EUR,DE,2026-09-20T07:22:15Z,VIP20
NC-100592,C0058,2026-09-19T04:08:21Z,paid,USD,US,2026-09-19T05:49:59Z,VIP20
NC-100740,C0031,24/09/2026 05:12,delivered,USD,US,2026-09-28T22:47:40Z,
NC-100719,C0091,23/09/2026 10:36,delivered,EUR,GB,2026-09-28T09:25:09Z,
NC-100717,C0054,2026-09-23T09:41:32Z,placed,EUR,DE,2026-09-23T09:42:08Z,FREESHIP
NC-100674,C0091,2026-09-21T21:34:21Z,placed,gbp,GB,2026-09-21T21:34:47Z,FREESHIP
NC-100878,C0057,28/09/2026 20:59,paid,USD,US,2026-09-28T22:39:32Z,FREESHIP
NC-100863,C0022,28/09/2026 10:23,placed,USD,US,2026-09-28T10:23:39Z,WELCOME10
NC-100847,C0020,2026-09-27T17:20:35Z,placed,EUR,DE,2026-09-27T17:20:43Z,WELCOME10
NC-100383,C0091,2026-09-12T16:33:24Z,delivered,GBP,GB,2026-09-16T18:06:59Z,WELCOME10
NC-100732,C0066,2026-09-24T04:49:22+05:30,delivered,,IN,2026-09-28T15:49:47Z,WELCOME10
NC-100498,C0035,2026-09-16T07:08:16+05:30,delivered,INR,IN,2026-09-21T03:32:36Z,FESTIVE15
NC-100553,C0097,2026-09-18T04:21:37+05:30,placed,INR,IN,2026-09-17T22:52:04Z,FESTIVE15
NC-100792,C0079,2026-09-26T04:31:35+05:30,placed,inr,IN,2026-09-25T23:01:55Z,FREESHIP
NC-100891,C0003,2026-09-29T08:18:35+05:30,placed,INR,IN,2026-09-29T02:48:38Z,FESTIVE15
NC-100712,C0084,23/09/2026 05:49,shipped,SGD,SG,2026-09-25T04:51:33Z,VIP20
NC-100710,C0010,2026-09-23T03:54:09Z,placed,USD,US,2026-09-23T03:54:32Z,VIP20
NC-100850,C0035,2026-09-27T19:21:14Z,placed,GBP,GB,2026-09-27T19:21:40Z,
NC-100590,C0120,2026-09-19T07:45:08+05:30,paid,INR,IN,2026-09-19T04:40:23Z,
NC-100905,C0115,2026-09-29T14:09:30Z,placed,INR,IN,2026-09-29T14:09:57Z,
NC-100841,C0027,27/09/2026 12:47,placed,INR,IN,2026-09-27T12:47:23Z,FESTIVE15
NC-100761,C0079,2026-09-25T04:19:16+05:30,delivered,INR,IN,2026-09-30T14:32:49Z,FESTIVE15
NC-100585,C0119,2026-09-19T04:34:59+05:30,shipped,INR,IN,2026-09-21T05:53:26Z,
NC-100589,C0074,2026-09-19T06:59:59+05:30,delivered,INR,IN,2026-09-25T03:55:28Z,VIP20
NC-100425,C0092,13/09/2026 18:34,delivered,USD,US,2026-09-17T16:43:36Z,FESTIVE15
NC-100799,C0048,2026-09-26T02:13:24Z,paid,USD,US,2026-09-26T04:40:54Z,
NC-100693,C0020,2026-09-22T20:30:53+05:30,placed,INR,IN,2026-09-22T15:00:58Z,WELCOME10
NC-100417,C0035,2026-09-13T18:16:30+05:30,delivered,INR,IN,2026-09-16T16:32:48Z,
NC-100748,C0052,2026-09-24T18:29:19+05:30,placed,INR,IN,2026-09-24T12:59:44Z,FESTIVE15
NC-100658,C0066,2026-09-21T07:07:06Z,placed,USD,US,2026-09-21T07:07:31Z,
NC-100520,C0100,16/09/2026 18:50,delivered,EUR,DE,2026-09-20T15:26:19Z,FESTIVE15
NC-100820,C0081,2026-09-26T16:08:31Z,shipped,,DE,2026-09-28T23:39:00Z,FESTIVE15
NC-100515,C0128,2026-09-16T14:38:49Z,delivered,eur,DE,2026-09-20T19:35:20Z,
NC-100844,C0034,2026-09-27T14:18:08Z,paid,EUR,DE,2026-09-27T15:15:18Z,
NC-100716,C0035,23/09/2026 09:36,delivered,USD,IN,2026-09-26T21:00:30Z,FESTIVE15
NC-100608,C0024,2026-09-19T14:52:56Z,delivered,,IN,2026-09-26T07:08:01Z,
NC-100547,C0027,2026-09-18T01:59:39+05:30,shipped,inr,IN,2026-09-19T16:05:08Z,FESTIVE15
NC-100504,C0903,2026-09-16T06:44:00Z,placed,,GB,2026-09-16T06:44:26Z,
NC-100582,C0044,2026-09-19T02:41:10+05:30,paid,SGD,SG,2026-09-18T23:09:40Z,WELCOME10
NC-100817,C0084,2026-09-26T15:01:23Z,delivered,SGD,SG,2026-09-30T11:07:30Z,FESTIVE15
NC-100668,C0085,2026-09-21T15:16:59Z,paid,INR,IN,2026-09-21T16:23:33Z,FREESHIP
NC-100419,C0101,2026-09-13T19:02:49+05:30,delivered,EUR,DE,2026-09-20T01:25:19Z,VIP20
NC-100342,C0089,11/09/2026 07:21,delivered,USD,US,2026-09-17T03:24:08Z,FESTIVE15
NC-100627,C0081,2026-09-20T08:54:48Z,paid,EUR,DE,2026-09-20T11:30:54Z,
NC-100627,C0081,2026-09-20T08:54:48Z,shipped,EUR,DE,2026-09-21T16:30:54Z,
NC-100272,C0125,09/09/2026 07:29,delivered,SGD,SG,2026-09-16T19:37:08Z,FESTIVE15
NC-100670,C0072,2026-09-21T18:46:11Z,paid,GBP,GB,2026-09-21T19:24:40Z,
NC-100586,C0091,2026-09-19T06:27:03+05:30,placed,GBP,GB,2026-09-19T00:57:05Z,
NC-100423,C0058,2026-09-13T17:49:37Z,delivered,USD,US,2026-09-18T14:50:46Z,VIP20
NC-100469,C0076,2026-09-15T13:27:35+05:30,shipped,,IN,2026-09-16T11:21:49Z,VIP20
NC-100744,C0079,24/09/2026 09:34,cancelled,INR,IN,2026-09-25T02:34:26Z,VIP20
NC-100516,C0042,2026-09-16T16:54:43Z,delivered,INR,IN,2026-09-20T04:53:11Z,FESTIVE15
NC-100629,C0012,2026-09-20T09:49:03Z,placed,SGD,SG,2026-09-20T09:49:41Z,
NC-100841,C0027,27/09/2026 12:47,paid,INR,IN,2026-09-27T15:29:23Z,FESTIVE15
NC-100870,C0083,28/09/2026 16:25,paid,SGD,SG,2026-09-28T19:07:21Z,
NC-100694,C0074,2026-09-22T20:41:11+05:30,cancelled,INR,IN,2026-09-23T04:11:51Z,
NC-100834,C0020,2026-09-27T07:32:46Z,paid,EUR,DE,2026-09-27T08:15:19Z,FREESHIP
NC-100578,C0005,2026-09-18T17:56:57Z,delivered,GBP,GB,2026-09-24T05:44:05Z,WELCOME10
NC-100605,C0035,2026-09-19T17:55:09+05:30,paid,INR,IN,2026-09-19T15:20:35Z,
NC-100769,C0003,2026-09-25T09:41:57+05:30,placed,INR,IN,2026-09-25T04:12:31Z,
NC-100751,C0049,2026-09-24T14:30:04Z,delivered,GBP,GB,2026-09-30T11:53:10Z,
NC-100718,C0066,2026-09-23T15:23:00+05:30,delivered,,IN,2026-09-28T16:41:37Z,
NC-100405,C0078,13/09/2026 06:26,delivered,EUR,GB,2026-09-19T16:31:20Z,
NC-100753,C0026,2026-09-24T22:17:51+05:30,delivered,INR,IN,2026-09-29T17:30:55Z,
NC-100794,C0027,2026-09-26T05:02:54+05:30,placed,INR,IN,2026-09-25T23:33:31Z,
NC-100537,C0005,2026-09-17T11:31:23Z,paid,GBP,GB,2026-09-17T13:50:57Z,WELCOME10
NC-100882,C0004,2026-09-29T03:23:46+05:30,shipped,INR,IN,2026-09-29T15:12:14Z,
NC-100799,C0048,2026-09-26T02:13:24Z,shipped,USD,US,2026-09-27T11:40:54Z,
NC-100914,C0107,29/09/2026 22:20,shipped,USD,US,2026-09-30T22:47:09Z,FESTIVE15
NC-100601,C0035,2026-09-19T15:35:48+05:30,shipped,INR,IN,2026-09-21T20:28:58Z,WELCOME10
NC-100677,C0092,2026-09-22T01:22:48Z,placed,USD,US,2026-09-22T01:23:07Z,VIP20
NC-100828,C0067,2026-09-27T04:19:40Z,placed,,GB,2026-09-27T04:19:54Z,FREESHIP
NC-100526,C0055,2026-09-17T00:15:57Z,paid,GBP,GB,2026-09-17T01:19:03Z,FESTIVE15
NC-100643,C0072,2026-09-20T21:25:12Z,paid,GBP,GB,2026-09-20T23:13:19Z,FESTIVE15
NC-100794,C0027,2026-09-26T05:02:54+05:30,shipped,INR,IN,2026-09-26T11:47:31Z,
NC-100891,C0003,2026-09-29T08:18:35+05:30,shipped,INR,IN,2026-09-30T16:43:38Z,FESTIVE15
NC-100503,C0020,2026-09-16T05:49:33Z,shipped,INR,IN,2026-09-17T17:40:57Z,WELCOME10
NC-100919,C0121,30/09/2026 03:50,paid,EUR,DE,2026-09-30T05:52:11Z,VIP20
NC-100782,C0058,25/09/2026 17:48,delivered,USD,US,2026-09-30T01:47:29Z,
NC-100798,C0073,2026-09-26T02:11:10Z,delivered,USD,US,2026-09-30T04:45:14Z,WELCOME10
NC-100653,C0027,2026-09-21T03:32:45Z,shipped,inr,IN,2026-09-23T03:53:55Z,
NC-100928,C0058,30/09/2026 12:48,placed,USD,US,2026-09-30T12:48:30Z,WELCOME10
NC-100854,C0027,2026-09-28T04:15:57+05:30,delivered,INR,IN,2026-09-30T21:06:23Z,
NC-100820,C0081,2026-09-26T16:08:31Z,paid,,DE,2026-09-26T18:39:00Z,FESTIVE15
NC-100729,C0903,23/09/2026 22:04,delivered,SGD,SG,2026-09-29T10:03:37Z,WELCOME10
NC-100834,C0020,2026-09-27T07:32:46Z,placed,EUR,DE,2026-09-27T07:33:19Z,FREESHIP
NC-100508,C0105,2026-09-16T08:59:08Z,delivered,GBP,GB,2026-09-20T03:05:34Z,VIP20
NC-100517,C0108,16/09/2026 17:16,paid,GBP,GB,2026-09-16T18:33:10Z,
NC-100599,C0050,19/09/2026 09:16,delivered,USD,US,2026-09-24T11:51:08Z,
NC-100564,C0089,18/09/2026 06:48,shipped,USD,US,2026-09-19T20:44:24Z,
NC-100540,C0042,17/09/2026 13:42,shipped,SGD,SG,2026-09-19T04:54:18Z,WELCOME10
NC-100660,C0035,2026-09-21T09:56:34Z,shipped,INR,IN,2026-09-23T05:24:02Z,
NC-100806,C0025,2026-09-26T09:17:36Z,shipped,GBP,GB,2026-09-28T07:42:12Z,FESTIVE15
NC-100468,C0021,15/09/2026 07:38,delivered,,SG,2026-09-19T19:07:04Z,
NC-100505,C0114,16/09/2026 07:33,delivered,EUR,DE,2026-09-22T07:22:19Z,FESTIVE15
NC-100689,C0058,22/09/2026 10:29,paid,USD,US,2026-09-22T11:54:04Z,
NC-100551,C0003,17/09/2026 22:34,shipped,INR,IN,2026-09-19T02:45:26Z,
NC-100817,C0084,2026-09-26T15:01:23Z,shipped,SGD,SG,2026-09-27T15:07:30Z,FESTIVE15
NC-100862,C0011,2026-09-28T15:32:47+05:30,placed,USD,US,2026-09-28T10:03:06Z,
NC-100829,C0074,27/09/2026 04:45,shipped,INR,IN,2026-09-27T15:46:32Z,
NC-100513,C0044,2026-09-16T13:08:10Z,paid,SGD,SG,2026-09-16T14:52:20Z,
NC-100708,C0063,2026-09-23T00:57:06Z,placed,SGD,SG,2026-09-23T00:57:41Z,
NC-100717,C0054,2026-09-23T09:41:32Z,paid,EUR,DE,2026-09-23T10:03:08Z,FREESHIP
NC-100826,C0053,2026-09-27T00:51:16Z,paid,EUR,DE,2026-09-27T02:33:44Z,
NC-100821,C0003,2026-09-26T22:09:10+05:30,placed,INR,IN,2026-09-26T16:39:32Z,WELCOME10
NC-100755,C0109,24/09/2026 16:57,placed,,IN,2026-09-24T16:57:15Z,
NC-100522,C0117,2026-09-16T19:23:02Z,delivered,SGD,SG,2026-09-21T20:01:30Z,
NC-100735,C0011,2026-09-24T05:27:09+05:30,placed,USD,US,2026-09-23T23:57:44Z,VIP20
NC-100599,C0050,19/09/2026 09:16,paid,USD,US,2026-09-19T09:51:08Z,
NC-100431,C0049,2026-09-14T00:40:11Z,delivered,GBP,GB,2026-09-19T22:07:29Z,
NC-100569,C0058,2026-09-18T16:09:24Z,delivered,USD,US,2026-09-24T01:43:54Z,
NC-100884,C0006,2026-09-28T22:46:41Z,placed,USD,US,2026-09-28T22:47:17Z,WELCOME10
NC-100524,C0117,2026-09-17T03:24:22+05:30,delivered,SGD,SG,2026-09-20T23:03:44Z,FESTIVE15
NC-100662,C0099,21/09/2026 10:30,shipped,EUR,DE,2026-09-23T23:00:35Z,
NC-100819,C0020,26/09/2026 15:46,placed,EUR,DE,2026-09-26T15:46:13Z,WELCOME10
NC-100901,C0055,2026-09-29T11:01:08Z,placed,GBP,GB,2026-09-29T11:01:37Z,WELCOME10
NC-100727,C0026,2026-09-24T01:10:08+05:30,placed,INR,IN,2026-09-23T19:40:23Z,
NC-100807,C0110,2026-09-26T09:49:18Z,shipped,USD,US,2026-09-27T02:57:20Z,WELCOME10
NC-100552,C0038,2026-09-17T22:48:12Z,shipped,USD,US,2026-09-20T03:58:35Z,FREESHIP
NC-100690,C0003,2026-09-22T17:26:22+05:30,paid,INR,IN,2026-09-22T12:23:02Z,FESTIVE15
NC-100658,C0066,2026-09-21T07:07:06Z,cancelled,USD,US,2026-09-21T21:07:31Z,
NC-100535,C0006,17/09/2026 09:57,shipped,USD,US,2026-09-18T09:24:14Z,
NC-100703,C0109,2026-09-22T21:44:23Z,shipped,GBP,GB,2026-09-24T17:13:54Z,
NC-100837,C0003,2026-09-27T15:16:15+05:30,cancelled,INR,IN,2026-09-28T17:45:18Z,FREESHIP
NC-100506,C0032,2026-09-16T14:04:22+05:30,placed,INR,IN,2026-09-16T08:34:47Z,FREESHIP
NC-100681,C0036,2026-09-22T10:05:46+05:30,cancelled,USD,US,2026-09-22T09:14:55Z,VIP20
NC-100675,C0115,2026-09-22T05:17:49+05:30,delivered,INR,IN,2026-09-26T08:29:20Z,FESTIVE15
NC-100632,C0004,2026-09-20T16:46:41+05:30,shipped,EUR,DE,2026-09-21T15:28:57Z,
NC-100558,C0011,2026-09-18T02:12:15Z,paid,USD,US,2026-09-18T02:22:45Z,
NC-100790,C0027,25/09/2026 22:07,placed,INR,IN,2026-09-25T22:07:08Z,VIP20
NC-100484,C0079,2026-09-16T02:10:36+05:30,delivered,INR,IN,2026-09-23T11:00:00Z,FESTIVE15
NC-100822,C0003,2026-09-26T22:51:00+05:30,shipped,INR,IN,2026-09-28T12:44:08Z,
NC-100527,C0059,2026-09-17T02:11:06Z,paid,GBP,GB,2026-09-17T04:51:26Z,WELCOME10
NC-100619,C0112,20/09/2026 03:59,shipped,USD,US,2026-09-22T09:48:40Z,WELCOME10
NC-100850,C0035,2026-09-27T19:21:14Z,shipped,GBP,GB,2026-09-28T07:25:40Z,
NC-100704,C0058,2026-09-22T22:04:33Z,placed,USD,US,2026-09-22T22:04:49Z,
NC-100713,C0035,23/09/2026 07:08,shipped,GBP,GB,2026-09-24T01:28:06Z,
NC-100743,C0079,24/09/2026 09:03,shipped,,IN,2026-09-25T23:01:07Z,
NC-100812,C0066,2026-09-26T20:00:15+05:30,shipped,INR,IN,2026-09-27T22:49:48Z,WELCOME10
NC-100467,C0111,2026-09-15T06:04:50Z,delivered,USD,US,2026-09-20T00:33:01Z,
NC-100768,C0126,2026-09-25T07:36:16+05:30,placed,INR,IN,2026-09-25T02:06:40Z,VIP20
NC-100581,C0020,2026-09-19T02:27:48+05:30,delivered,INR,IN,2026-09-25T04:15:58Z,FREESHIP
NC-100531,C0089,2026-09-17T06:39:35Z,placed,USD,US,2026-09-17T06:40:09Z,FESTIVE15
NC-100645,C0097,2026-09-20T23:29:46Z,delivered,INR,IN,2026-09-26T04:50:17Z,
NC-100866,C0003,2026-09-28T12:25:58Z,shipped,INR,IN,2026-09-30T18:25:23Z,FESTIVE15
NC-100654,C0044,21/09/2026 04:55,shipped,USD,US,2026-09-22T17:28:08Z,FESTIVE15
NC-100665,C0015,21/09/2026 13:57,delivered,SGD,SG,2026-09-26T04:21:16Z,
NC-100716,C0035,23/09/2026 09:36,shipped,USD,IN,2026-09-24T07:00:30Z,FESTIVE15
NC-100773,C0027,2026-09-25T09:35:49Z,paid,INR,IN,2026-09-25T11:40:10Z,
NC-100583,C0066,2026-09-18T21:25:24Z,placed,USD,US,2026-09-18T21:25:38Z,
NC-100522,C0117,2026-09-16T19:23:02Z,placed,SGD,SG,2026-09-16T19:23:30Z,
NC-100603,C0051,19/09/2026 11:41,placed,GBP,GB,2026-09-19T11:41:25Z,WELCOME10
NC-100447,C0057,2026-09-14T11:08:37Z,delivered,USD,US,2026-09-19T08:57:01Z,
NC-100816,C0091,2026-09-26T20:19:11+05:30,paid,SGD,SG,2026-09-26T15:52:45Z,
NC-100752,C0105,2026-09-24T15:42:49Z,delivered,GBP,GB,2026-09-29T01:03:20Z,VIP20
NC-100702,C0109,22/09/2026 21:13,shipped,INR,IN,2026-09-23T10:45:08Z,WELCOME10
NC-100811,C0082,2026-09-26T12:53:30Z,placed,gbp,GB,2026-09-26T12:53:38Z,
NC-100588,C0104,2026-09-19T06:49:27+05:30,shipped,INR,IN,2026-09-20T00:03:51Z,FESTIVE15
NC-100701,C0089,2026-09-22T20:15:41Z,shipped,,US,2026-09-23T10:57:08Z,
NC-100894,C0027,2026-09-29T05:49:37Z,shipped,SGD,SG,2026-09-30T20:10:56Z,
NC-100587,C0058,2026-09-19T01:03:35Z,paid,USD,US,2026-09-19T01:17:04Z,
NC-100698,C0003,2026-09-22T23:02:37+05:30,paid,INR,IN,2026-09-22T17:58:45Z,FREESHIP
NC-100909,C0059,2026-09-29T18:15:56Z,paid,GBP,GB,2026-09-29T20:34:12Z,
NC-100721,C0079,2026-09-23T17:11:38+05:30,shipped,SGD,SG,2026-09-24T22:45:01Z,FESTIVE15
NC-100651,C0901,21/09/2026 03:10,delivered,GBP,GB,2026-09-24T03:09:34Z,FESTIVE15
NC-100875,C0059,28/09/2026 18:26,shipped,gbp,GB,2026-09-30T16:51:36Z,
NC-100677,C0092,2026-09-22T01:22:48Z,paid,USD,US,2026-09-22T04:09:07Z,VIP20
NC-100631,C0071,2026-09-20T10:11:01Z,delivered,USD,US,2026-09-25T08:38:15Z,FESTIVE15
NC-100503,C0020,2026-09-16T05:49:33Z,paid,INR,IN,2026-09-16T06:40:57Z,WELCOME10
NC-100895,C0026,2026-09-29T11:45:01+05:30,placed,INR,IN,2026-09-29T06:15:24Z,WELCOME10
NC-100691,C0128,22/09/2026 12:39,placed,EUR,DE,2026-09-22T12:39:29Z,
NC-100615,C0035,2026-09-20T05:10:32+05:30,delivered,INR,IN,2026-09-26T06:34:38Z,
NC-100531,C0089,2026-09-17T06:39:35Z,paid,USD,US,2026-09-17T06:59:09Z,FESTIVE15
NC-100771,C0080,2026-09-25T08:08:09Z,delivered,USD,US,2026-09-29T15:59:49Z,WELCOME10
NC-100644,C0040,20/09/2026 21:52,placed,USD,US,2026-09-20T21:52:15Z,FESTIVE15
NC-100395,C0058,2026-09-12T21:34:38Z,delivered,GBP,US,2026-09-17T01:45:40Z,
NC-100788,C0080,2026-09-26T02:49:00+05:30,shipped,USD,US,2026-09-27T22:33:12Z,
NC-100609,C0031,2026-09-19T16:39:40Z,shipped,USD,US,2026-09-20T00:50:09Z,
NC-100597,C0055,19/09/2026 06:24,paid,EUR,GB,2026-09-19T09:16:02Z,FESTIVE15
NC-100575,C0126,2026-09-18T22:35:02+05:30,placed,USD,IN,2026-09-18T17:05:39Z,FREESHIP
NC-100500,C0902,2026-09-16T10:09:22+05:30,placed,USD,IN,2026-09-16T04:40:01Z,FREESHIP
NC-100812,C0066,2026-09-26T20:00:15+05:30,placed,,IN,2026-09-26T14:30:48Z,WELCOME10
NC-100895,C0026,2026-09-29T11:45:01+05:30,paid,INR,IN,2026-09-29T08:22:24Z,WELCOME10
NC-100720,C0071,23/09/2026 11:21,shipped,USD,US,2026-09-24T06:49:27Z,
NC-100625,C0079,20/09/2026 06:44,placed,INR,IN,2026-09-20T06:44:33Z,FESTIVE15
NC-100766,C0003,2026-09-25T05:42:09+05:30,delivered,INR,IN,2026-09-29T21:26:30Z,WELCOME10
NC-100563,C0009,2026-09-18T06:45:13Z,delivered,EUR,DE,2026-09-23T22:40:35Z,
NC-100705,C0044,22/09/2026 23:05,delivered,GBP,GB,2026-09-28T00:11:07Z,
NC-100743,C0079,24/09/2026 09:03,placed,,IN,2026-09-24T09:03:07Z,
NC-100646,C0080,2026-09-21T00:10:59Z,placed,USD,US,2026-09-21T00:11:25Z,WELCOME10
NC-100782,C0058,25/09/2026 17:48,placed,USD,US,2026-09-25T17:48:29Z,
NC-100740,C0031,24/09/2026 05:12,shipped,USD,US,2026-09-26T03:47:40Z,
NC-100942,C0035,2026-10-01T03:10:33+05:30,paid,INR,IN,2026-09-30T22:08:37Z,
NC-100538,C0076,2026-09-17T13:14:54Z,shipped,GBP,GB,2026-09-18T03:53:16Z,FREESHIP
NC-100718,C0066,2026-09-23T15:23:00+05:30,shipped,,IN,2026-09-24T13:41:37Z,
NC-100726,C0099,23/09/2026 19:09,delivered,EUR,DE,2026-09-28T23:22:36Z,FESTIVE15
NC-100580,C0005,2026-09-19T02:19:57+05:30,delivered,GBP,GB,2026-09-23T21:05:03Z,FREESHIP
NC-100453,C0012,2026-09-14T14:15:04Z,shipped,INR,IN,2026-09-17T03:54:20Z,FESTIVE15
NC-100502,C0066,2026-09-16T05:21:36Z,paid,INR,IN,2026-09-16T05:31:43Z,VIP20
NC-100684,C0065,2026-09-22T07:16:22Z,placed,USD,US,2026-09-22T07:16:46Z,
NC-100766,C0003,2026-09-25T05:42:09+05:30,paid,INR,IN,2026-09-25T01:26:30Z,WELCOME10
NC-100734,C0071,23/09/2026 23:45,shipped,USD,US,2026-09-25T21:30:32Z,
NC-100358,C0066,11/09/2026 18:12,delivered,INR,IN,2026-09-18T14:16:02Z,FESTIVE15
NC-100760,C0027,2026-09-25T03:08:12+05:30,shipped,INR,IN,2026-09-26T07:00:18Z,
NC-100813,C0058,26/09/2026 14:32,placed,usd,US,2026-09-26T14:32:22Z,
NC-100731,C0012,23/09/2026 22:17,placed,INR,IN,2026-09-23T22:17:29Z,WELCOME10
NC-100778,C0013,2026-09-25T18:49:22+05:30,placed,INR,IN,2026-09-25T13:19:44Z,WELCOME10
NC-100893,C0047,29/09/2026 04:29,paid,EUR,DE,2026-09-29T05:47:08Z,VIP20
NC-100615,C0035,2026-09-20T05:10:32+05:30,paid,INR,IN,2026-09-20T01:34:38Z,
NC-100864,C0058,28/09/2026 11:54,placed,usd,US,2026-09-28T11:54:33Z,
NC-100583,C0066,2026-09-18T21:25:24Z,paid,USD,US,2026-09-19T00:23:38Z,
NC-100356,C0049,11/09/2026 17:42,delivered,GBP,GB,2026-09-16T15:04:21Z,WELCOME10
NC-100569,C0058,2026-09-18T16:09:24Z,placed,USD,US,2026-09-18T16:09:54Z,
NC-100637,C0079,2026-09-20T17:41:18Z,shipped,USD,IN,2026-09-22T15:09:28Z,FESTIVE15
NC-100637,C0079,2026-09-20T17:41:18Z,paid,USD,IN,2026-09-20T20:09:28Z,FESTIVE15
NC-100936,C0058,30/09/2026 15:18,paid,USD,US,2026-09-30T15:50:23Z,
NC-100561,C0064,2026-09-18T06:08:29Z,paid,GBP,GB,2026-09-18T08:05:47Z,FESTIVE15
NC-100914,C0107,29/09/2026 22:20,placed,USD,US,2026-09-29T22:20:09Z,FESTIVE15
NC-100471,C0012,2026-09-16T01:00:42+05:30,paid,INR,IN,2026-09-16T03:22:00Z,VIP20
NC-100414,C0091,2026-09-13T09:32:46Z,delivered,GBP,GB,2026-09-18T08:57:05Z,VIP20
NC-100761,C0079,2026-09-25T04:19:16+05:30,placed,INR,IN,2026-09-24T22:49:49Z,FESTIVE15
NC-100543,C0058,17/09/2026 18:03,delivered,USD,US,2026-09-23T17:49:07Z,
NC-100734,C0071,23/09/2026 23:45,delivered,USD,US,2026-09-30T16:30:32Z,
NC-100698,C0003,2026-09-22T23:02:37+05:30,shipped,INR,IN,2026-09-25T00:58:45Z,FREESHIP
NC-100666,C0020,2026-09-21T20:10:40+05:30,placed,,IN,2026-09-21T14:41:01Z,
NC-100647,C0003,2026-09-21T06:48:11+05:30,placed,inr,IN,2026-09-21T01:18:49Z,WELCOME10
NC-100574,C0058,2026-09-18T16:50:52Z,delivered,USD,US,2026-09-23T20:05:05Z,
NC-100533,C0049,17/09/2026 08:58,shipped,GBP,GB,2026-09-17T22:13:05Z,VIP20
NC-100875,C0059,28/09/2026 18:26,paid,gbp,GB,2026-09-28T19:51:36Z,
NC-100574,C0058,2026-09-18T16:50:52Z,placed,USD,US,2026-09-18T16:51:05Z,
NC-100667,C0057,21/09/2026 14:43,paid,USD,US,2026-09-21T16:58:26Z,FESTIVE15
NC-100377,C0056,12/09/2026 15:46,delivered,USD,DE,2026-09-16T20:16:06Z,
NC-100630,C0906,2026-09-20T15:31:03+05:30,shipped,EUR,DE,2026-09-22T14:52:26Z,VIP20
NC-100437,C0064,2026-09-14T09:31:43+05:30,delivered,GBP,GB,2026-09-21T18:44:52Z,FESTIVE15
NC-100552,C0038,2026-09-17T22:48:12Z,delivered,USD,US,2026-09-22T13:58:35Z,FREESHIP
NC-100525,C0058,2026-09-16T23:06:11Z,placed,USD,US,2026-09-16T23:06:42Z,
NC-100812,C0066,2026-09-26T20:00:15+05:30,delivered,INR,IN,2026-09-30T07:49:48Z,WELCOME10
NC-100532,C0041,2026-09-17T06:55:41Z,paid,USD,US,2026-09-17T08:34:00Z,WELCOME10
NC-100661,C0011,21/09/2026 10:25,placed,usd,US,2026-09-21T10:25:05Z,
NC-100636,C0066,20/09/2026 17:24,paid,GBP,IN,2026-09-20T19:32:14Z,FESTIVE15
NC-100851,C0014,2026-09-27T20:53:49Z,placed,INR,IN,2026-09-27T20:53:53Z,VIP20
NC-100638,C0021,2026-09-20T23:22:47+05:30,placed,,IN,2026-09-20T17:53:21Z,FREESHIP
NC-100594,C0128,2026-09-19T05:12:50Z,placed,EUR,DE,2026-09-19T05:13:09Z,FESTIVE15
NC-100578,C0005,2026-09-18T17:56:57Z,placed,GBP,GB,2026-09-18T17:57:05Z,WELCOME10
NC-100764,C0066,2026-09-25T05:26:15+05:30,paid,INR,IN,2026-09-25T01:01:38Z,
NC-100787,C0025,2026-09-25T20:41:50Z,shipped,GBP,GB,2026-09-28T02:43:26Z,FREESHIP
NC-100902,C0044,29/09/2026 11:01,placed,SGD,SG,2026-09-29T11:01:27Z,FREESHIP
NC-100306,C0091,10/09/2026 07:01,delivered,GBP,GB,2026-09-16T03:18:16Z,VIP20
NC-100550,C0020,2026-09-17T22:23:21Z,placed,INR,IN,2026-09-17T22:23:39Z,FREESHIP
NC-100714,C0029,2026-09-23T13:33:46+05:30,delivered,INR,IN,2026-09-27T16:12:13Z,WELCOME10
NC-100568,C0011,18/09/2026 15:49,delivered,USD,US,2026-09-24T21:32:04Z,WELCOME10
NC-100825,C0066,2026-09-26T20:28:13Z,shipped,INR,IN,2026-09-28T04:00:52Z,WELCOME10
NC-100223,C0046,2026-09-07T18:30:07Z,paid,USD,US,2026-09-07T19:03:42Z,
NC-100846,C0035,2026-09-27T22:30:57+05:30,placed,INR,IN,2026-09-27T17:01:20Z,FREESHIP
NC-100509,C0089,2026-09-16T09:42:07Z,delivered,USD,US,2026-09-23T00:36:32Z,
NC-100492,C0035,2026-09-16T02:15:53+05:30,delivered,INR,IN,2026-09-23T02:45:00Z,
NC-100433,C0079,2026-09-14T07:31:23+05:30,delivered,INR,IN,2026-09-18T14:41:58Z,
NC-100636,C0066,20/09/2026 17:24,delivered,gbp,IN,2026-09-24T08:32:14Z,FESTIVE15
NC-100534,C0035,17/09/2026 09:35,placed,,IN,2026-09-17T09:35:16Z,
NC-100712,C0084,23/09/2026 05:49,paid,SGD,SG,2026-09-23T06:51:33Z,VIP20
NC-100690,C0003,2026-09-22T17:26:22+05:30,delivered,INR,IN,2026-09-25T09:23:02Z,FESTIVE15
NC-100819,C0020,26/09/2026 15:46,cancelled,EUR,DE,2026-09-27T11:15:13Z,WELCOME10
NC-100852,C0063,2026-09-27T21:04:31Z,shipped,,SG,2026-09-28T07:19:56Z,FREESHIP
NC-100591,C0122,2026-09-19T08:08:33+05:30,placed,GBP,GB,2026-09-19T02:38:49Z,FREESHIP
NC-100520,C0100,16/09/2026 18:50,shipped,EUR,DE,2026-09-17T10:26:19Z,FESTIVE15
NC-100611,C0027,19/09/2026 20:50,shipped,INR,IN,2026-09-20T18:51:17Z,FREESHIP
NC-100637,C0079,2026-09-20T17:41:18Z,delivered,USD,IN,2026-09-25T09:09:28Z,FESTIVE15
NC-100726,C0099,23/09/2026 19:09,placed,EUR,DE,2026-09-23T19:09:36Z,FESTIVE15
NC-100736,C0004,2026-09-24T00:18:41Z,paid,USD,DE,2026-09-24T02:06:11Z,FESTIVE15
NC-100386,C0025,2026-09-12T17:24:20Z,delivered,GBP,GB,2026-09-17T10:29:46Z,
NC-100547,C0027,2026-09-18T01:59:39+05:30,delivered,inr,IN,2026-09-22T00:05:08Z,FESTIVE15
NC-100750,C0027,2026-09-24T14:04:12Z,paid,EUR,IN,2026-09-24T16:24:44Z,FREESHIP
NC-100617,C0001,2026-09-20T09:08:43+05:30,shipped,INR,IN,2026-09-22T08:43:46Z,
NC-100534,C0035,17/09/2026 09:35,shipped,,IN,2026-09-18T20:55:16Z,
NC-100824,C0099,2026-09-26T18:10:47Z,placed,EUR,DE,2026-09-26T18:11:12Z,FESTIVE15
NC-100548,C0080,2026-09-17T20:56:19Z,delivered,,US,2026-09-23T02:04:35Z,
NC-100721,C0079,2026-09-23T17:11:38+05:30,placed,SGD,SG,2026-09-23T11:42:01Z,FESTIVE15
NC-100554,C0018,2026-09-18T04:44:26+05:30,shipped,INR,IN,2026-09-20T06:10:03Z,FESTIVE15
NC-100767,C0118,25/09/2026 01:37,shipped,GBP,GB,2026-09-27T15:30:07Z,WELCOME10
NC-100887,C0074,2026-09-29T01:06:19Z,paid,GBP,GB,2026-09-29T03:28:35Z,WELCOME10
NC-100461,C0027,14/09/2026 19:53,shipped,INR,IN,2026-09-16T00:17:18Z,FESTIVE15
NC-100907,C0091,29/09/2026 17:57,paid,GBP,GB,2026-09-29T19:17:20Z,
NC-100656,C0116,21/09/2026 06:29,placed,USD,US,2026-09-21T06:29:33Z,FREESHIP
NC-100518,C0065,2026-09-16T22:59:09+05:30,delivered,USD,US,2026-09-19T22:46:29Z,FREESHIP
NC-100781,C0906,2026-09-25T17:09:18Z,placed,SGD,SG,2026-09-25T17:09:29Z,
NC-100464,C0090,15/09/2026 04:29,shipped,INR,IN,2026-09-16T03:03:36Z,FESTIVE15
NC-100917,C0019,2026-09-30T02:25:46Z,placed,USD,US,2026-09-30T02:25:53Z,VIP20
NC-100584,C0067,2026-09-19T04:21:04+05:30,paid,GBP,GB,2026-09-19T01:39:20Z,WELCOME10
NC-100911,C0035,2026-09-30T01:48:35+05:30,placed,INR,IN,2026-09-29T20:18:58Z,FREESHIP
NC-100709,C0001,2026-09-23T09:11:33+05:30,delivered,INR,IN,2026-09-27T08:05:55Z,
NC-100810,C0079,2026-09-26T18:04:25+05:30,delivered,INR,IN,2026-09-30T18:38:58Z,
NC-100491,C0100,15/09/2026 20:24,paid,EUR,DE,2026-09-16T09:02:00Z,
NC-100832,C0012,27/09/2026 06:39,placed,EUR,DE,2026-09-27T06:39:08Z,WELCOME10
NC-100683,C0060,2026-09-22T06:40:19Z,shipped,USD,US,2026-09-24T14:44:39Z,FREESHIP
NC-100365,C0076,2026-09-12T07:51:31+05:30,delivered,INR,IN,2026-09-19T06:44:00Z,VIP20
NC-100550,C0020,2026-09-17T22:23:21Z,delivered,INR,IN,2026-09-23T03:31:39Z,FREESHIP
NC-100651,C0901,21/09/2026 03:10,paid,GBP,GB,2026-09-21T05:09:34Z,FESTIVE15
NC-100536,C0113,2026-09-17T09:58:00Z,placed,INR,IN,2026-09-17T09:58:37Z,
NC-100536,C0113,2026-09-17T09:58:00Z,delivered,INR,IN,2026-09-21T10:14:37Z,
NC-100740,C0031,24/09/2026 05:12,placed,USD,US,2026-09-24T05:12:40Z,
NC-100905,C0115,2026-09-29T14:09:30Z,paid,INR,IN,2026-09-29T16:42:57Z,
NC-100560,C0069,18/09/2026 04:08,paid,USD,US,2026-09-18T04:13:14Z,
NC-100720,C0071,23/09/2026 11:21,placed,USD,US,2026-09-23T11:21:27Z,
NC-100732,C0066,2026-09-24T04:49:22+05:30,placed,,IN,2026-09-23T23:19:47Z,WELCOME10
NC-100675,C0115,2026-09-22T05:17:49+05:30,placed,INR,IN,2026-09-21T23:48:20Z,FESTIVE15
NC-100492,C0035,2026-09-16T02:15:53+05:30,shipped,INR,IN,2026-09-18T08:45:00Z,
NC-100819,C0020,26/09/2026 15:46,paid,EUR,DE,2026-09-26T18:15:13Z,WELCOME10
NC-100915,C0125,29/09/2026 23:46,paid,EUR,DE,2026-09-30T00:38:24Z,
NC-100638,C0021,2026-09-20T23:22:47+05:30,shipped,INR,IN,2026-09-23T05:05:21Z,FREESHIP
NC-100587,C0058,2026-09-19T01:03:35Z,delivered,USD,US,2026-09-24T06:17:04Z,
NC-100792,C0079,2026-09-26T04:31:35+05:30,delivered,inr,IN,2026-09-29T12:23:55Z,FREESHIP
NC-100752,C0105,2026-09-24T15:42:49Z,paid,GBP,GB,2026-09-24T18:03:20Z,VIP20
NC-100618,C0071,20/09/2026 03:50,placed,USD,US,2026-09-20T03:50:37Z,
NC-100671,C0015,2026-09-21T19:03:38Z,delivered,SGD,SG,2026-09-29T06:34:15Z,FESTIVE15
NC-100815,C0091,2026-09-26T14:45:44Z,placed,GBP,GB,2026-09-26T14:45:55Z,
NC-100598,C0098,2026-09-19T12:00:11+05:30,delivered,,IN,2026-09-25T15:21:29Z,
NC-100365,C0076,2026-09-12T07:51:31+05:30,delivered,INR,IN,2026-09-19T06:44:00Z,VIP20
NC-100887,C0074,2026-09-29T01:06:19Z,placed,GBP,GB,2026-09-29T01:06:35Z,WELCOME10
NC-100686,C0091,22/09/2026 08:00,shipped,EUR,DE,2026-09-24T02:16:12Z,VIP20
NC-100525,C0058,2026-09-16T23:06:11Z,cancelled,USD,US,2026-09-17T08:06:42Z,
NC-100524,C0117,2026-09-17T03:24:22+05:30,placed,SGD,SG,2026-09-16T21:54:44Z,FESTIVE15
NC-100354,C0080,2026-09-11T14:36:07Z,delivered,eur,US,2026-09-17T22:55:38Z,FREESHIP
NC-100553,C0097,2026-09-18T04:21:37+05:30,delivered,INR,IN,2026-09-21T05:12:04Z,FESTIVE15
NC-100704,C0058,2026-09-22T22:04:33Z,cancelled,USD,US,2026-09-22T23:04:49Z,
NC-100511,C0017,2026-09-16T12:47:24Z,paid,GBP,GB,2026-09-16T13:33:40Z,
NC-100644,C0040,20/09/2026 21:52,paid,USD,US,2026-09-20T23:00:15Z,FESTIVE15
NC-100814,C0005,2026-09-26T14:38:07Z,placed,USD,GB,2026-09-26T14:38:16Z,FESTIVE15
NC-100598,C0098,2026-09-19T12:00:11+05:30,paid,,IN,2026-09-19T09:21:29Z,
NC-100514,C0070,16/09/2026 14:01,delivered,INR,IN,2026-09-20T16:49:08Z,FREESHIP
NC-100903,C0087,2026-09-29T17:25:07+05:30,paid,USD,US,2026-09-29T12:39:40Z,VIP20
NC-100632,C0004,2026-09-20T16:46:41+05:30,placed,EUR,DE,2026-09-20T11:16:57Z,
NC-100621,C0103,2026-09-20T09:39:06+05:30,shipped,INR,IN,2026-09-22T17:12:14Z,VIP20
NC-100546,C0115,2026-09-18T01:38:00+05:30,cancelled,,IN,2026-09-19T02:08:22Z,WELCOME10
NC-100758,C0114,24/09/2026 20:43,placed,EUR,DE,2026-09-24T20:43:20Z,FREESHIP
NC-100511,C0017,2026-09-16T12:47:24Z,delivered,GBP,GB,2026-09-20T06:33:40Z,
NC-100858,C0091,28/09/2026 05:32,shipped,GBP,GB,2026-09-30T07:00:29Z,FESTIVE15
NC-100648,C0058,2026-09-21T01:33:28Z,shipped,USD,US,2026-09-22T16:49:37Z,FESTIVE15
NC-100445,C0082,2026-09-14T09:52:19Z,delivered,GBP,GB,2026-09-21T08:40:31Z,VIP20
NC-100796,C0079,2026-09-26T00:42:39Z,placed,INR,IN,2026-09-26T00:42:56Z,
NC-100743,C0079,24/09/2026 09:03,delivered,,IN,2026-09-29T23:01:07Z,
NC-100605,C0035,2026-09-19T17:55:09+05:30,placed,INR,IN,2026-09-19T12:25:35Z,
NC-100451,C0058,2026-09-14T13:32:10Z,delivered,USD,US,2026-09-18T03:31:42Z,FESTIVE15
NC-100890,C0003,2026-09-29T02:38:36Z,shipped,INR,IN,2026-09-30T20:26:51Z,WELCOME10
NC-100526,C0055,2026-09-17T00:15:57Z,delivered,gbp,GB,2026-09-23T02:19:03Z,FESTIVE15
NC-100484,C0079,2026-09-16T02:10:36+05:30,paid,INR,IN,2026-09-16T01:00:00Z,FESTIVE15
NC-100917,C0019,2026-09-30T02:25:46Z,paid,USD,US,2026-09-30T05:04:53Z,VIP20
NC-100340,C0035,11/09/2026 06:54,delivered,INR,IN,2026-09-16T00:28:09Z,WELCOME10
NC-100886,C0059,2026-09-29T00:42:45Z,placed,GBP,GB,2026-09-29T00:42:57Z,FREESHIP
NC-100592,C0058,2026-09-19T04:08:21Z,placed,USD,US,2026-09-19T04:08:59Z,VIP20
NC-100473,C0082,2026-09-15T09:16:23Z,shipped,GBP,GB,2026-09-16T11:55:02Z,
NC-100478,C0079,2026-09-15T17:21:26+05:30,shipped,INR,IN,2026-09-16T03:42:49Z,FESTIVE15
NC-100572,C0020,18/09/2026 16:17,placed,INR,IN,2026-09-18T16:17:31Z,VIP20
NC-100829,C0074,27/09/2026 04:45,placed,INR,IN,2026-09-27T04:45:32Z,
NC-100813,C0058,26/09/2026 14:32,paid,usd,US,2026-09-26T17:20:22Z,
NC-100558,C0011,2026-09-18T02:12:15Z,delivered,USD,US,2026-09-23T22:22:45Z,
NC-100720,C0071,23/09/2026 11:21,paid,USD,US,2026-09-23T12:49:27Z,
NC-100564,C0089,18/09/2026 06:48,delivered,usd,US,2026-09-23T07:44:24Z,
NC-100717,C0054,2026-09-23T09:41:32Z,delivered,EUR,DE,2026-09-26T14:03:08Z,FREESHIP
NC-100669,C0066,2026-09-21T21:25:06+05:30,paid,INR,IN,2026-09-21T17:52:42Z,
NC-100764,C0066,2026-09-25T05:26:15+05:30,placed,INR,IN,2026-09-24T23:56:38Z,
NC-100370,C0903,2026-09-12T09:21:09Z,delivered,SGD,SG,2026-09-19T20:51:28Z,VIP20
NC-100528,C0035,2026-09-17T04:05:58Z,placed,INR,IN,2026-09-17T04:06:06Z,
NC-100505,C0114,16/09/2026 07:33,paid,EUR,DE,2026-09-16T09:22:19Z,FESTIVE15
NC-100820,C0081,2026-09-26T16:08:31Z,placed,,DE,2026-09-26T16:09:00Z,FESTIVE15
NC-100542,C0058,2026-09-17T16:18:13Z,placed,USD,US,2026-09-17T16:18:45Z,FESTIVE15
NC-100616,C0037,2026-09-20T02:23:41Z,delivered,USD,US,2026-09-24T16:29:11Z,FREESHIP
NC-100403,C0064,2026-09-13T09:05:07+05:30,delivered,GBP,GB,2026-09-18T21:01:45Z,
NC-100563,C0009,2026-09-18T06:45:13Z,placed,EUR,DE,2026-09-18T06:45:35Z,
NC-100763,C0002,2026-09-25T04:30:51+05:30,shipped,GBP,IN,2026-09-26T15:31:07Z,
NC-100843,C0075,27/09/2026 14:04,paid,USD,US,2026-09-27T15:41:29Z,VIP20
NC-100775,C0093,2026-09-25T16:24:36+05:30,shipped,GBP,GB,2026-09-27T12:20:39Z,
NC-100718,C0066,2026-09-23T15:23:00+05:30,placed,,IN,2026-09-23T09:53:37Z,
NC-100573,C0019,2026-09-18T16:19:59Z,shipped,USD,US,2026-09-21T03:39:03Z,FREESHIP
NC-100922,C0079,2026-09-30T12:29:26+05:30,placed,INR,IN,2026-09-30T06:59:48Z,FREESHIP
NC-100853,C0003,2026-09-28T03:24:30+05:30,shipped,INR,IN,2026-09-29T07:57:38Z,VIP20
NC-100549,C0116,2026-09-18T02:49:02+05:30,cancelled,EUR,DE,2026-09-18T19:19:39Z,FREESHIP
NC-100751,C0049,2026-09-24T14:30:04Z,paid,GBP,GB,2026-09-24T14:53:10Z,
NC-100761,C0079,2026-09-25T04:19:16+05:30,paid,INR,IN,2026-09-25T00:32:49Z,FESTIVE15
NC-100439,C0066,2026-09-14T11:43:52+05:30,delivered,INR,IN,2026-09-19T08:01:18Z,VIP20
NC-100584,C0067,2026-09-19T04:21:04+05:30,delivered,GBP,GB,2026-09-24T07:39:20Z,WELCOME10
NC-100742,C0053,2026-09-24T12:18:14+05:30,shipped,eur,DE,2026-09-25T05:54:37Z,
NC-100943,C0110,2026-09-30T22:30:47Z,placed,USD,US,2026-09-30T22:31:09Z,VIP20
NC-100588,C0104,2026-09-19T06:49:27+05:30,delivered,INR,IN,2026-09-23T08:03:51Z,FESTIVE15
NC-100784,C0062,2026-09-26T00:25:43+05:30,delivered,GBP,IN,2026-09-30T01:25:03Z,FESTIVE15
NC-100587,C0058,2026-09-19T01:03:35Z,shipped,USD,US,2026-09-21T03:17:04Z,
NC-100747,C0129,2026-09-24T12:22:23Z,paid,USD,US,2026-09-24T13:24:52Z,
NC-100347,C0109,11/09/2026 10:08,delivered,INR,IN,2026-09-16T04:46:10Z,
NC-100854,C0027,2026-09-28T04:15:57+05:30,placed,INR,IN,2026-09-27T22:46:23Z,
NC-100510,C0001,16/09/2026 12:25,placed,INR,IN,2026-09-16T12:25:10Z,
NC-100601,C0035,2026-09-19T15:35:48+05:30,delivered,INR,IN,2026-09-24T05:28:58Z,WELCOME10
NC-100453,C0012,2026-09-14T14:15:04Z,delivered,INR,IN,2026-09-21T17:54:20Z,FESTIVE15
NC-100759,C0070,2026-09-24T21:11:31Z,placed,INR,IN,2026-09-24T21:12:10Z,FREESHIP
NC-100932,C0020,2026-09-30T19:21:20+05:30,placed,INR,IN,2026-09-30T13:51:37Z,FREESHIP
NC-100805,C0902,2026-09-26T09:14:35Z,placed,EUR,DE,2026-09-26T09:15:05Z,
NC-100633,C0089,20/09/2026 11:55,paid,USD,US,2026-09-20T13:03:13Z,FREESHIP
NC-100654,C0044,21/09/2026 04:55,paid,USD,US,2026-09-21T06:28:08Z,FESTIVE15
NC-100770,C0027,2026-09-25T12:46:25+05:30,placed,INR,IN,2026-09-25T07:16:56Z,WELCOME10
NC-100817,C0084,2026-09-26T15:01:23Z,placed,SGD,SG,2026-09-26T15:01:30Z,FESTIVE15
NC-100804,C0089,2026-09-26T07:32:03Z,placed,USD,US,2026-09-26T07:32:19Z,FREESHIP
NC-100941,C0116,30/09/2026 20:10,cancelled,USD,US,2026-09-30T23:10:21Z,FESTIVE15
NC-100539,C0058,17/09/2026 13:21,shipped,GBP,SG,2026-09-19T05:50:39Z,WELCOME10
NC-100696,C0080,2026-09-22T16:24:26Z,delivered,USD,US,2026-09-29T05:54:53Z,
NC-100632,C0004,2026-09-20T16:46:41+05:30,paid,EUR,DE,2026-09-20T13:28:57Z,
NC-100573,C0019,2026-09-18T16:19:59Z,delivered,USD,US,2026-09-24T06:39:03Z,FREESHIP
NC-100422,C0022,2026-09-13T22:30:07+05:30,delivered,USD,US,2026-09-17T04:04:11Z,
NC-100831,C0066,2026-09-27T11:16:00+05:30,delivered,INR,IN,2026-09-30T19:16:39Z,
NC-100421,C0068,2026-09-13T22:14:22+05:30,delivered,INR,IN,2026-09-19T18:20:34Z,
NC-100687,C0091,2026-09-22T13:53:54+05:30,placed,GBP,GB,2026-09-22T08:24:02Z,VIP20
NC-100590,C0120,2026-09-19T07:45:08+05:30,placed,INR,IN,2026-09-19T02:15:23Z,
NC-100897,C0071,2026-09-29T07:44:59Z,paid,USD,US,2026-09-29T08:55:37Z,
NC-100863,C0022,28/09/2026 10:23,paid,USD,US,2026-09-28T11:30:39Z,WELCOME10
NC-100724,C0093,2026-09-23T13:11:58Z,placed,GBP,GB,2026-09-23T13:12:18Z,FESTIVE15
NC-100602,C0079,2026-09-19T16:33:16+05:30,placed,INR,IN,2026-09-19T11:03:35Z,
NC-100865,C0027,2026-09-28T17:47:26+05:30,cancelled,INR,IN,2026-09-29T08:57:44Z,WELCOME10
NC-100494,C0121,2026-09-15T23:08:05Z,delivered,EUR,DE,2026-09-20T00:37:00Z,WELCOME10
NC-100695,C0081,2026-09-22T15:26:48Z,shipped,EUR,DE,2026-09-24T23:44:28Z,
NC-100542,C0058,2026-09-17T16:18:13Z,shipped,USD,US,2026-09-18T21:35:45Z,FESTIVE15
NC-100868,C0044,2026-09-28T18:29:31+05:30,shipped,EUR,IN,2026-09-30T07:13:10Z,
NC-100759,C0070,2026-09-24T21:11:31Z,shipped,INR,IN,2026-09-26T15:40:10Z,FREESHIP
NC-100530,C0083,2026-09-17T12:03:03+05:30,shipped,SGD,SG,2026-09-17T16:37:06Z,
NC-100787,C0025,2026-09-25T20:41:50Z,placed,GBP,GB,2026-09-25T20:42:26Z,FREESHIP
NC-100582,C0044,2026-09-19T02:41:10+05:30,delivered,SGD,SG,2026-09-23T20:09:40Z,WELCOME10
NC-100908,C0091,2026-09-29T18:01:17Z,paid,GBP,GB,2026-09-29T19:04:31Z,FESTIVE15
NC-100593,C0076,2026-09-19T04:25:51Z,delivered,INR,IN,2026-09-23T04:02:22Z,FESTIVE15
NC-100502,C0066,2026-09-16T05:21:36Z,placed,INR,IN,2026-09-16T05:21:43Z,VIP20
NC-100557,C0058,2026-09-18T01:51:32Z,shipped,USD,US,2026-09-19T17:06:10Z,VIP20
NC-100748,C0052,2026-09-24T18:29:19+05:30,delivered,INR,IN,2026-09-28T13:52:44Z,FESTIVE15
NC-100513,C0044,2026-09-16T13:08:10Z,delivered,SGD,SG,2026-09-22T09:52:20Z,
NC-100579,C0066,2026-09-19T00:35:48+05:30,placed,INR,IN,2026-09-18T19:05:50Z,FESTIVE15
NC-100535,C0006,17/09/2026 09:57,paid,USD,US,2026-09-17T12:24:14Z,
NC-100533,C0049,17/09/2026 08:58,placed,GBP,GB,2026-09-17T08:58:05Z,VIP20
NC-100768,C0126,2026-09-25T07:36:16+05:30,shipped,INR,IN,2026-09-25T20:54:40Z,VIP20
NC-100868,C0044,2026-09-28T18:29:31+05:30,paid,EUR,IN,2026-09-28T15:13:10Z,
NC-100672,C0126,2026-09-21T19:03:56Z,delivered,INR,IN,2026-09-27T06:57:01Z,
NC-100427,C0086,2026-09-14T01:10:45+05:30,delivered,INR,IN,2026-09-17T11:41:58Z,FREESHIP
NC-100491,C0100,15/09/2026 20:24,delivered,EUR,DE,2026-09-22T17:02:00Z,
NC-100747,C0129,2026-09-24T12:22:23Z,placed,usd,US,2026-09-24T12:22:52Z,
NC-100660,C0035,2026-09-21T09:56:34Z,delivered,INR,IN,2026-09-28T00:24:02Z,
NC-100684,C0065,2026-09-22T07:16:22Z,shipped,USD,US,2026-09-24T05:47:46Z,
NC-100801,C0091,26/09/2026 04:56,delivered,,GB,2026-09-29T11:57:02Z,
NC-100635,C0074,2026-09-20T13:04:31Z,placed,INR,IN,2026-09-20T13:05:01Z,
NC-100500,C0902,2026-09-16T10:09:22+05:30,paid,USD,IN,2026-09-16T07:29:01Z,FREESHIP
NC-100577,C0028,18/09/2026 17:35,shipped,USD,US,2026-09-20T20:20:15Z,FREESHIP
NC-100669,C0066,2026-09-21T21:25:06+05:30,placed,INR,IN,2026-09-21T15:55:42Z,
NC-100623,C0075,2026-09-20T05:16:21Z,delivered,USD,US,2026-09-25T11:24:31Z,
NC-100639,C0011,2026-09-21T00:03:53+05:30,paid,GBP,GB,2026-09-20T20:16:30Z,VIP20
NC-100415,C0091,2026-09-13T09:49:10Z,delivered,GBP,GB,2026-09-19T06:09:40Z,VIP20
NC-100481,C0060,2026-09-15T12:54:34Z,shipped,USD,US,2026-09-16T14:32:52Z,FREESHIP
NC-100435,C0035,2026-09-14T08:48:42+05:30,delivered,GBP,IN,2026-09-17T13:15:22Z,
NC-100806,C0025,2026-09-26T09:17:36Z,placed,GBP,GB,2026-09-26T09:18:12Z,FESTIVE15
NC-100828,C0067,2026-09-27T04:19:40Z,cancelled,GBP,GB,2026-09-28T18:34:54Z,FREESHIP
NC-100692,C0040,22/09/2026 13:30,cancelled,GBP,GB,2026-09-22T17:30:09Z,VIP20
NC-100608,C0024,2026-09-19T14:52:56Z,paid,,IN,2026-09-19T16:08:01Z,
NC-100695,C0081,2026-09-22T15:26:48Z,delivered,EUR,DE,2026-09-27T12:44:28Z,
NC-100906,C0020,2026-09-29T17:43:45Z,placed,EUR,DE,2026-09-29T17:44:15Z,FESTIVE15
NC-100923,C0003,2026-09-30T13:16:20+05:30,placed,INR,IN,2026-09-30T07:46:37Z,
NC-100617,C0001,2026-09-20T09:08:43+05:30,placed,INR,IN,2026-09-20T03:38:46Z,
NC-100644,C0040,20/09/2026 21:52,shipped,USD,US,2026-09-22T16:00:15Z,FESTIVE15
NC-100507,C0066,2026-09-16T14:27:12+05:30,paid,INR,IN,2026-09-16T10:44:35Z,
NC-100567,C0024,18/09/2026 14:37,delivered,,IN,2026-09-24T20:24:37Z,VIP20
NC-100471,C0012,2026-09-16T01:00:42+05:30,delivered,INR,IN,2026-09-20T20:22:00Z,VIP20
NC-100707,C0025,23/09/2026 00:23,paid,GBP,GB,2026-09-23T02:11:10Z,
NC-100551,C0003,17/09/2026 22:34,delivered,INR,IN,2026-09-24T02:45:26Z,
NC-100464,C0090,15/09/2026 04:29,delivered,INR,IN,2026-09-18T12:03:36Z,FESTIVE15
NC-100613,C0119,19/09/2026 21:03,delivered,INR,IN,2026-09-27T00:51:34Z,
NC-100408,C0091,13/09/2026 07:52,delivered,GBP,GB,2026-09-19T07:54:39Z,
NC-100628,C0044,2026-09-20T08:55:52Z,placed,SGD,SG,2026-09-20T08:56:02Z,
NC-100583,C0066,2026-09-18T21:25:24Z,delivered,USD,US,2026-09-23T04:23:38Z,
NC-100625,C0079,20/09/2026 06:44,delivered,INR,IN,2026-09-27T23:06:33Z,FESTIVE15
NC-100880,C0026,28/09/2026 21:12,placed,EUR,GB,2026-09-28T21:12:35Z,FESTIVE15
NC-100870,C0083,28/09/2026 16:25,placed,SGD,SG,2026-09-28T16:25:21Z,
NC-100554,C0018,2026-09-18T04:44:26+05:30,delivered,INR,IN,2026-09-24T00:10:03Z,FESTIVE15
NC-100836,C0025,2026-09-27T08:19:41Z,placed,EUR,DE,2026-09-27T08:20:19Z,
NC-100648,C0058,2026-09-21T01:33:28Z,placed,USD,US,2026-09-21T01:33:37Z,FESTIVE15
NC-100811,C0082,2026-09-26T12:53:30Z,shipped,gbp,GB,2026-09-28T08:04:38Z,
NC-100611,C0027,19/09/2026 20:50,delivered,INR,IN,2026-09-25T08:51:17Z,FREESHIP
NC-100916,C0066,30/09/2026 02:18,paid,INR,IN,2026-09-30T02:51:10Z,FESTIVE15
NC-100654,C0044,21/09/2026 04:55,shipped,USD,US,2026-09-22T17:28:08Z,FESTIVE15
NC-100787,C0025,2026-09-25T20:41:50Z,paid,GBP,GB,2026-09-25T22:43:26Z,FREESHIP
NC-100830,C0044,2026-09-27T05:06:15Z,paid,SGD,SG,2026-09-27T05:18:29Z,FREESHIP
NC-100797,C0119,26/09/2026 01:17,paid,INR,IN,2026-09-26T02:56:15Z,
NC-100540,C0042,17/09/2026 13:42,placed,sgd,SG,2026-09-17T13:42:18Z,WELCOME10
NC-100575,C0126,2026-09-18T22:35:02+05:30,shipped,USD,IN,2026-09-19T23:31:39Z,FREESHIP
NC-100501,C0003,2026-09-16T10:42:36+05:30,shipped,INR,IN,2026-09-17T21:58:57Z,WELCOME10
NC-100589,C0074,2026-09-19T06:59:59+05:30,placed,INR,IN,2026-09-19T01:30:28Z,VIP20
NC-100573,C0019,2026-09-18T16:19:59Z,placed,USD,US,2026-09-18T16:20:03Z,FREESHIP
NC-100923,C0003,2026-09-30T13:16:20+05:30,shipped,INR,IN,2026-09-30T16:55:37Z,
NC-100558,C0011,2026-09-18T02:12:15Z,shipped,USD,US,2026-09-19T10:22:45Z,
NC-100650,C0130,2026-09-21T08:27:26+05:30,delivered,INR,IN,2026-09-26T22:35:49Z,
NC-100668,C0085,2026-09-21T15:16:59Z,delivered,INR,IN,2026-09-26T07:23:33Z,FREESHIP
NC-100681,C0036,2026-09-22T10:05:46+05:30,placed,USD,US,2026-09-22T04:35:55Z,VIP20
NC-100655,C0058,21/09/2026 05:54,cancelled,USD,US,2026-09-21T06:54:03Z,FESTIVE15
NC-100514,C0070,16/09/2026 14:01,shipped,INR,IN,2026-09-18T03:49:08Z,FREESHIP
NC-100600,C0096,2026-09-19T14:48:39+05:30,delivered,INR,IN,2026-09-23T08:28:50Z,FREESHIP
NC-100685,C0099,22/09/2026 07:26,placed,,DE,2026-09-22T07:26:31Z,FREESHIP
NC-100721,C0079,2026-09-23T17:11:38+05:30,delivered,SGD,SG,2026-09-27T22:45:01Z,FESTIVE15
NC-100838,C0035,27/09/2026 11:48,cancelled,INR,IN,2026-09-27T12:48:29Z,FREESHIP
NC-100818,C0091,2026-09-26T21:03:32+05:30,placed,GBP,GB,2026-09-26T15:34:12Z,
NC-100669,C0066,2026-09-21T21:25:06+05:30,shipped,INR,IN,2026-09-24T00:52:42Z,
NC-100759,C0070,2026-09-24T21:11:31Z,delivered,INR,IN,2026-09-29T20:40:10Z,FREESHIP
NC-100916,C0066,30/09/2026 02:18,placed,INR,IN,2026-09-30T02:18:10Z,FESTIVE15
NC-100497,C0088,2026-09-16T06:42:43+05:30,shipped,INR,IN,2026-09-18T06:09:15Z,VIP20
NC-100482,C0091,15/09/2026 13:17,delivered,,GB,2026-09-22T06:36:26Z,VIP20
NC-100769,C0003,2026-09-25T09:41:57+05:30,delivered,INR,IN,2026-09-28T16:53:31Z,
NC-100661,C0011,21/09/2026 10:25,shipped,usd,US,2026-09-23T14:26:05Z,
NC-100919,C0121,30/09/2026 03:50,placed,EUR,DE,2026-09-30T03:50:11Z,VIP20
NC-100615,C0035,2026-09-20T05:10:32+05:30,placed,,IN,2026-09-19T23:40:38Z,
NC-100927,C0027,2026-09-30T18:05:30+05:30,placed,INR,IN,2026-09-30T12:35:54Z,FESTIVE15
NC-100765,C0020,24/09/2026 23:59,delivered,EUR,DE,2026-09-30T11:17:11Z,FESTIVE15
NC-100545,C0094,2026-09-17T19:39:26Z,placed,GBP,GB,2026-09-17T19:39:54Z,WELCOME10
NC-100519,C0002,2026-09-16T23:12:23+05:30,placed,INR,IN,2026-09-16T17:42:52Z,WELCOME10
NC-100526,C0055,2026-09-17T00:15:57Z,shipped,gbp,GB,2026-09-18T16:19:03Z,FESTIVE15
NC-100569,C0058,2026-09-18T16:09:24Z,shipped,USD,US,2026-09-20T14:43:54Z,
NC-100567,C0024,18/09/2026 14:37,shipped,,IN,2026-09-20T05:24:37Z,VIP20
NC-100874,C0007,28/09/2026 17:52,placed,INR,IN,2026-09-28T17:52:14Z,WELCOME10
NC-100673,C0058,21/09/2026 21:17,shipped,USD,US,2026-09-24T01:57:10Z,
NC-100465,C0027,2026-09-15T10:20:57+05:30,delivered,INR,IN,2026-09-19T17:14:32Z,VIP20
NC-100677,C0092,2026-09-22T01:22:48Z,delivered,USD,US,2026-09-27T22:09:07Z,VIP20
NC-100527,C0059,2026-09-17T02:11:06Z,delivered,GBP,GB,2026-09-24T15:51:26Z,WELCOME10
NC-100551,C0003,17/09/2026 22:34,placed,INR,IN,2026-09-17T22:34:26Z,
NC-100839,C0115,2026-09-27T17:57:25+05:30,placed,INR,IN,2026-09-27T12:27:40Z,
NC-100663,C0079,21/09/2026 10:49,shipped,INR,IN,2026-09-22T03:28:13Z,
NC-100898,C0122,29/09/2026 08:21,shipped,USD,US,2026-09-30T20:23:40Z,
NC-100569,C0058,2026-09-18T16:09:24Z,paid,USD,US,2026-09-18T18:43:54Z,
NC-100598,C0098,2026-09-19T12:00:11+05:30,placed,,IN,2026-09-19T06:30:29Z,
NC-100745,C0003,24/09/2026 11:14,delivered,GBP,GB,2026-09-30T01:17:22Z,
NC-100558,C0011,2026-09-18T02:12:15Z,placed,USD,US,2026-09-18T02:12:45Z,
NC-100603,C0051,19/09/2026 11:41,paid,GBP,GB,2026-09-19T12:38:25Z,WELCOME10
NC-100567,C0024,18/09/2026 14:37,placed,,IN,2026-09-18T14:37:37Z,VIP20
NC-100695,C0081,2026-09-22T15:26:48Z,placed,EUR,DE,2026-09-22T15:27:28Z,
NC-100418,C0055,2026-09-13T13:22:42Z,delivered,EUR,DE,2026-09-19T06:26:07Z,
NC-100581,C0020,2026-09-19T02:27:48+05:30,placed,INR,IN,2026-09-18T20:57:58Z,FREESHIP
NC-100885,C0030,28/09/2026 23:23,shipped,SGD,SG,2026-09-29T20:47:23Z,
NC-100776,C0120,25/09/2026 11:30,paid,INR,IN,2026-09-25T12:00:30Z,
NC-100542,C0058,2026-09-17T16:18:13Z,paid,USD,US,2026-09-17T16:35:45Z,FESTIVE15
NC-100560,C0069,18/09/2026 04:08,delivered,USD,US,2026-09-22T07:13:14Z,
NC-100626,C0066,2026-09-20T12:36:56+05:30,placed,EUR,IN,2026-09-20T07:07:36Z,
NC-100578,C0005,2026-09-18T17:56:57Z,paid,GBP,GB,2026-09-18T20:44:05Z,WELCOME10
NC-100517,C0108,16/09/2026 17:16,placed,,GB,2026-09-16T17:16:10Z,
NC-100664,C0014,2026-09-21T17:51:51+05:30,delivered,INR,IN,2026-09-28T11:59:08Z,FESTIVE15
NC-100841,C0027,27/09/2026 12:47,shipped,INR,IN,2026-09-28T12:29:23Z,FESTIVE15
NC-100783,C0017,2026-09-25T18:21:03Z,paid,EUR,DE,2026-09-25T19:14:33Z,WELCOME10
NC-100519,C0002,2026-09-16T23:12:23+05:30,delivered,INR,IN,2026-09-22T10:07:52Z,WELCOME10
NC-100876,C0092,28/09/2026 18:34,paid,USD,US,2026-09-28T19:47:29Z,
NC-100793,C0111,2026-09-25T23:15:24Z,placed,USD,US,2026-09-25T23:15:35Z,
NC-100865,C0027,2026-09-28T17:47:26+05:30,cancelled,INR,IN,2026-09-29T08:57:44Z,WELCOME10
NC-100830,C0044,2026-09-27T05:06:15Z,placed,SGD,SG,2026-09-27T05:06:29Z,FREESHIP
NC-100739,C0065,24/09/2026 04:04,placed,,US,2026-09-24T04:04:09Z,
NC-100562,C0091,2026-09-18T06:27:22Z,cancelled,GBP,GB,2026-09-19T20:18:52Z,FREESHIP
NC-100622,C0050,2026-09-20T04:43:52Z,shipped,USD,US,2026-09-22T15:40:32Z,
NC-100530,C0083,2026-09-17T12:03:03+05:30,placed,SGD,SG,2026-09-17T06:33:06Z,
NC-100798,C0073,2026-09-26T02:11:10Z,paid,USD,US,2026-09-26T04:45:14Z,WELCOME10
NC-100668,C0085,2026-09-21T15:16:59Z,placed,INR,IN,2026-09-21T15:17:33Z,FREESHIP
NC-100738,C0058,24/09/2026 04:00,shipped,USD,US,2026-09-25T02:01:21Z,
NC-100620,C0035,2026-09-20T09:37:18+05:30,placed,INR,IN,2026-09-20T04:07:55Z,
NC-100893,C0047,29/09/2026 04:29,shipped,EUR,DE,2026-09-30T15:47:08Z,VIP20
NC-100873,C0035,2026-09-28T23:19:40+05:30,placed,EUR,DE,2026-09-28T17:50:20Z,
NC-100932,C0020,2026-09-30T19:21:20+05:30,paid,INR,IN,2026-09-30T16:01:37Z,FREESHIP
NC-100571,C0118,2026-09-18T16:16:46Z,delivered,GBP,GB,2026-09-24T02:43:21Z,VIP20
NC-100669,C0066,2026-09-21T21:25:06+05:30,delivered,INR,IN,2026-09-28T14:52:42Z,
NC-100545,C0094,2026-09-17T19:39:26Z,shipped,GBP,GB,2026-09-18T23:47:54Z,WELCOME10
NC-100647,C0003,2026-09-21T06:48:11+05:30,cancelled,inr,IN,2026-09-21T17:18:49Z,WELCOME10
NC-100763,C0002,2026-09-25T04:30:51+05:30,placed,GBP,IN,2026-09-24T23:01:07Z,
NC-100878,C0057,28/09/2026 20:59,placed,,US,2026-09-28T20:59:32Z,FREESHIP
NC-100865,C0027,2026-09-28T17:47:26+05:30,placed,INR,IN,2026-09-28T12:17:44Z,WELCOME10
NC-100565,C0114,18/09/2026 08:44,paid,EUR,DE,2026-09-18T09:22:15Z,VIP20
NC-100506,C0032,2026-09-16T14:04:22+05:30,cancelled,INR,IN,2026-09-17T16:10:47Z,FREESHIP
NC-100687,C0091,2026-09-22T13:53:54+05:30,cancelled,GBP,GB,2026-09-23T04:24:02Z,VIP20
NC-100783,C0017,2026-09-25T18:21:03Z,delivered,EUR,DE,2026-09-29T13:14:33Z,WELCOME10
NC-100674,C0091,2026-09-21T21:34:21Z,cancelled,gbp,GB,2026-09-22T21:34:47Z,FREESHIP
NC-100603,C0051,19/09/2026 11:41,cancelled,GBP,GB,2026-09-20T20:38:25Z,WELCOME10
NC-100601,C0035,2026-09-19T15:35:48+05:30,placed,INR,IN,2026-09-19T10:05:58Z,WELCOME10
NC-100673,C0058,21/09/2026 21:17,paid,USD,US,2026-09-21T23:57:10Z,
NC-100825,C0066,2026-09-26T20:28:13Z,placed,INR,IN,2026-09-26T20:28:52Z,WELCOME10
NC-100152,C0003,2026-09-05T20:42:54+05:30,paid,INR,IN,2026-09-05T15:28:27Z,VIP20
NC-100618,C0071,20/09/2026 03:50,shipped,USD,US,2026-09-22T15:24:37Z,
NC-100930,C0072,30/09/2026 13:46,placed,GBP,GB,2026-09-30T13:46:12Z,FESTIVE15
NC-100744,C0079,24/09/2026 09:34,placed,INR,IN,2026-09-24T09:34:26Z,VIP20
NC-100577,C0028,18/09/2026 17:35,delivered,USD,US,2026-09-23T01:20:15Z,FREESHIP
NC-100836,C0025,2026-09-27T08:19:41Z,paid,EUR,DE,2026-09-27T10:21:19Z,
NC-100634,C0003,20/09/2026 12:11,paid,INR,IN,2026-09-20T14:09:30Z,WELCOME10
NC-100849,C0027,2026-09-27T23:45:14+05:30,placed,INR,IN,2026-09-27T18:15:18Z,
NC-100691,C0128,22/09/2026 12:39,paid,EUR,DE,2026-09-22T14:04:29Z,
NC-100876,C0092,28/09/2026 18:34,shipped,USD,US,2026-09-30T12:47:29Z,
NC-100926,C0107,30/09/2026 12:27,paid,USD,US,2026-09-30T12:59:21Z,FESTIVE15
NC-100394,C0127,2026-09-12T21:34:19Z,delivered,EUR,DE,2026-09-17T09:32:25Z,
NC-100762,C0117,24/09/2026 22:51,placed,SGD,SG,2026-09-24T22:51:15Z,
NC-100351,C0044,11/09/2026 12:22,delivered,SGD,SG,2026-09-16T19:34:23Z,FREESHIP
NC-100656,C0116,21/09/2026 06:29,shipped,USD,US,2026-09-23T00:05:33Z,FREESHIP
NC-100521,C0066,2026-09-16T19:07:55Z,placed,INR,IN,2026-09-16T19:08:22Z,
NC-100760,C0027,2026-09-25T03:08:12+05:30,placed,INR,IN,2026-09-24T21:38:18Z,
NC-100633,C0089,20/09/2026 11:55,shipped,USD,US,2026-09-22T01:03:13Z,FREESHIP
NC-100676,C0003,2026-09-22T06:11:02+05:30,cancelled,INR,IN,2026-09-22T10:44:10Z,WELCOME10
NC-100855,C0086,2026-09-28T04:25:35+05:30,shipped,INR,IN,2026-09-28T19:07:15Z,FREESHIP
NC-100554,C0018,2026-09-18T04:44:26+05:30,paid,INR,IN,2026-09-18T01:10:03Z,FESTIVE15
NC-100707,C0025,23/09/2026 00:23,shipped,GBP,GB,2026-09-24T02:11:10Z,
NC-100865,C0027,2026-09-28T17:47:26+05:30,paid,INR,IN,2026-09-28T14:57:44Z,WELCOME10
NC-100898,C0122,29/09/2026 08:21,placed,USD,US,2026-09-29T08:21:40Z,
NC-100444,C0011,2026-09-14T08:47:30Z,delivered,USD,US,2026-09-18T12:23:58Z,FREESHIP
NC-100625,C0079,20/09/2026 06:44,shipped,INR,IN,2026-09-22T17:06:33Z,FESTIVE15
NC-100823,C0044,26/09/2026 18:07,shipped,INR,IN,2026-09-27T16:22:06Z,FESTIVE15
NC-100738,C0058,24/09/2026 04:00,placed,USD,US,2026-09-24T04:00:21Z,
NC-100742,C0053,2026-09-24T12:18:14+05:30,placed,eur,DE,2026-09-24T06:48:37Z,
NC-100532,C0041,2026-09-17T06:55:41Z,delivered,USD,US,2026-09-23T04:34:00Z,WELCOME10
NC-100498,C0035,2026-09-16T07:08:16+05:30,placed,INR,IN,2026-09-16T01:38:36Z,FESTIVE15
NC-100765,C0020,24/09/2026 23:59,shipped,EUR,DE,2026-09-25T20:17:11Z,FESTIVE15
NC-100896,C0046,2026-09-29T07:33:23Z,shipped,GBP,US,2026-09-30T15:52:35Z,WELCOME10
NC-100701,C0089,2026-09-22T20:15:41Z,paid,,US,2026-09-22T20:57:08Z,
NC-100746,C0020,2026-09-24T16:46:31+05:30,placed,INR,IN,2026-09-24T11:16:40Z,FREESHIP
NC-100620,C0035,2026-09-20T09:37:18+05:30,cancelled,INR,IN,2026-09-21T08:07:55Z,
NC-100654,C0044,21/09/2026 04:55,placed,USD,US,2026-09-21T04:55:08Z,FESTIVE15
NC-100786,C0066,25/09/2026 19:16,placed,INR,IN,2026-09-25T19:16:15Z,WELCOME10
NC-100538,C0076,2026-09-17T13:14:54Z,delivered,GBP,GB,2026-09-22T04:53:16Z,FREESHIP
NC-100754,C0103,24/09/2026 16:56,placed,INR,IN,2026-09-24T16:56:19Z,WELCOME10
NC-100446,C0082,2026-09-14T09:55:57Z,delivered,GBP,GB,2026-09-17T19:33:02Z,
NC-100390,C0049,2026-09-12T19:54:11Z,delivered,GBP,GB,2026-09-16T13:49:39Z,
NC-100329,C0020,2026-09-11T03:42:16+05:30,delivered,USD,US,2026-09-16T09:51:55Z,FREESHIP
NC-100795,C0044,2026-09-25T23:56:55Z,placed,SGD,SG,2026-09-25T23:57:01Z,
NC-100682,C0047,2026-09-22T05:55:05Z,paid,EUR,DE,2026-09-22T08:20:21Z,WELCOME10
NC-100730,C0027,23/09/2026 22:16,paid,USD,US,2026-09-24T00:40:04Z,
NC-100833,C0027,2026-09-27T12:46:32+05:30,shipped,INR,IN,2026-09-29T02:43:54Z,
NC-100848,C0905,2026-09-27T17:41:41Z,placed,INR,IN,2026-09-27T17:42:03Z,
NC-100495,C0039,2026-09-15T23:26:23Z,delivered,GBP,GB,2026-09-20T23:21:00Z,FESTIVE15
NC-100780,C0091,2026-09-25T16:05:08Z,placed,GBP,GB,2026-09-25T16:05:12Z,FREESHIP
NC-100940,C0098,2026-09-30T19:10:14Z,paid,INR,IN,2026-09-30T21:46:44Z,VIP20
NC-100457,C0079,2026-09-14T23:46:56+05:30,delivered,INR,IN,2026-09-22T07:22:32Z,
NC-100532,C0041,2026-09-17T06:55:41Z,placed,USD,US,2026-09-17T06:56:00Z,WELCOME10
NC-100778,C0013,2026-09-25T18:49:22+05:30,shipped,INR,IN,2026-09-26T00:52:44Z,WELCOME10
NC-100756,C0081,2026-09-24T18:05:18Z,placed,EUR,DE,2026-09-24T18:05:56Z,
NC-100835,C0061,2026-09-27T08:01:48Z,placed,INR,IN,2026-09-27T08:02:18Z,VIP20
NC-100550,C0020,2026-09-17T22:23:21Z,paid,INR,IN,2026-09-17T22:31:39Z,FREESHIP
NC-100579,C0066,2026-09-19T00:35:48+05:30,paid,INR,IN,2026-09-18T21:50:50Z,FESTIVE15
NC-100463,C0066,2026-09-15T09:19:35+05:30,cancelled,INR,IN,2026-09-16T12:21:46Z,VIP20
NC-100488,C0035,2026-09-16T02:29:13+05:30,delivered,INR,IN,2026-09-21T07:00:00Z,VIP20
NC-100774,C0091,2026-09-25T10:36:08Z,paid,GBP,GB,2026-09-25T12:30:32Z,
NC-100707,C0025,23/09/2026 00:23,delivered,GBP,GB,2026-09-27T09:11:10Z,
NC-100565,C0114,18/09/2026 08:44,delivered,EUR,DE,2026-09-24T07:22:15Z,VIP20
NC-100292,C0071,2026-09-09T18:26:51Z,delivered,USD,US,2026-09-16T03:06:16Z,FREESHIP
NC-100720,C0071,23/09/2026 11:21,delivered,USD,US,2026-09-27T00:49:27Z,
NC-100839,C0115,2026-09-27T17:57:25+05:30,paid,INR,IN,2026-09-27T12:50:40Z,
NC-100561,C0064,2026-09-18T06:08:29Z,delivered,GBP,GB,2026-09-21T01:05:47Z,FESTIVE15
NC-100582,C0044,2026-09-19T02:41:10+05:30,shipped,SGD,SG,2026-09-21T06:09:40Z,WELCOME10
NC-100686,C0091,22/09/2026 08:00,delivered,EUR,DE,2026-09-26T21:16:12Z,VIP20
NC-100517,C0108,16/09/2026 17:16,delivered,GBP,GB,2026-09-20T02:33:10Z,
NC-100485,C0011,2026-09-15T14:58:06Z,delivered,USD,US,2026-09-20T19:09:16Z,
NC-100883,C0066,2026-09-29T04:07:44+05:30,shipped,INR,IN,2026-09-29T17:36:13Z,
NC-100862,C0011,2026-09-28T15:32:47+05:30,shipped,USD,US,2026-09-30T12:05:06Z,
NC-100725,C0007,2026-09-23T23:02:07+05:30,paid,INR,IN,2026-09-23T18:54:26Z,FREESHIP
NC-100601,C0035,2026-09-19T15:35:48+05:30,paid,INR,IN,2026-09-19T10:28:58Z,WELCOME10
NC-100662,C0099,21/09/2026 10:30,paid,EUR,DE,2026-09-21T13:00:35Z,
NC-100345,C0114,2026-09-11T09:37:27Z,delivered,EUR,DE,2026-09-16T20:37:32Z,FESTIVE15
NC-100755,C0109,24/09/2026 16:57,shipped,INR,IN,2026-09-26T17:38:15Z,
NC-100082,C0020,2026-09-03T18:30:46+05:30,paid,INR,IN,2026-09-03T13:40:12Z,
NC-100614,C0011,19/09/2026 23:31,paid,USD,US,2026-09-20T01:50:08Z,FREESHIP
NC-100735,C0011,2026-09-24T05:27:09+05:30,shipped,USD,US,2026-09-24T17:14:44Z,VIP20
NC-100514,C0070,16/09/2026 14:01,paid,INR,IN,2026-09-16T15:49:08Z,FREESHIP
NC-100889,C0020,2026-09-29T02:37:53Z,placed,EUR,DE,2026-09-29T02:38:08Z,VIP20
NC-100653,C0027,2026-09-21T03:32:45Z,paid,INR,IN,2026-09-21T04:53:55Z,
NC-100543,C0058,17/09/2026 18:03,shipped,USD,US,2026-09-18T07:49:07Z,
NC-100607,C0099,2026-09-19T13:57:39Z,delivered,EUR,DE,2026-09-23T22:16:49Z,FESTIVE15
NC-100771,C0080,2026-09-25T08:08:09Z,placed,USD,US,2026-09-25T08:08:49Z,WELCOME10
NC-100849,C0027,2026-09-27T23:45:14+05:30,shipped,INR,IN,2026-09-30T07:26:18Z,
NC-100436,C0033,2026-09-14T03:42:13Z,delivered,USD,US,2026-09-20T05:32:31Z,
NC-100710,C0010,2026-09-23T03:54:09Z,shipped,USD,US,2026-09-24T02:06:32Z,VIP20
NC-100610,C0090,2026-09-20T02:09:49+05:30,placed,INR,IN,2026-09-19T20:40:17Z,
NC-100755,C0109,24/09/2026 16:57,delivered,INR,IN,2026-09-29T12:38:15Z,
NC-100727,C0026,2026-09-24T01:10:08+05:30,delivered,INR,IN,2026-09-27T08:37:23Z,
NC-100588,C0104,2026-09-19T06:49:27+05:30,placed,INR,IN,2026-09-19T01:19:51Z,FESTIVE15
NC-100551,C0003,17/09/2026 22:34,paid,INR,IN,2026-09-17T23:45:26Z,
NC-100693,C0020,2026-09-22T20:30:53+05:30,delivered,INR,IN,2026-09-26T21:03:58Z,WELCOME10
NC-100701,C0089,2026-09-22T20:15:41Z,delivered,,US,2026-09-27T20:57:08Z,
NC-100683,C0060,2026-09-22T06:40:19Z,placed,USD,US,2026-09-22T06:40:39Z,FREESHIP
NC-100700,C0127,22/09/2026 19:41,delivered,USD,DE,2026-09-26T16:45:31Z,FESTIVE15
NC-100624,C0114,2026-09-20T06:05:24Z,paid,SGD,SG,2026-09-20T08:22:48Z,VIP20
NC-100801,C0091,26/09/2026 04:56,shipped,,GB,2026-09-27T08:57:02Z,
NC-100934,C0106,2026-09-30T14:20:49Z,placed,USD,US,2026-09-30T14:21:09Z,
NC-100555,C0027,2026-09-18T05:26:47+05:30,placed,INR,IN,2026-09-17T23:57:06Z,FREESHIP
NC-100631,C0071,2026-09-20T10:11:01Z,placed,USD,US,2026-09-20T10:11:15Z,FESTIVE15
NC-100775,C0093,2026-09-25T16:24:36+05:30,paid,GBP,GB,2026-09-25T11:20:39Z,
NC-100591,C0122,2026-09-19T08:08:33+05:30,cancelled,GBP,GB,2026-09-19T08:38:49Z,FREESHIP
NC-100452,C0058,2026-09-14T13:53:57Z,shipped,USD,US,2026-09-16T15:57:00Z,FREESHIP
NC-100606,C0045,2026-09-19T19:08:00+05:30,shipped,EUR,IN,2026-09-20T15:08:14Z,
NC-100899,C0107,2026-09-29T10:04:18Z,placed,USD,US,2026-09-29T10:04:38Z,FREESHIP
NC-100883,C0066,2026-09-29T04:07:44+05:30,placed,INR,IN,2026-09-28T22:38:13Z,
NC-100741,C0044,2026-09-24T06:03:59Z,placed,SGD,SG,2026-09-24T06:04:38Z,FREESHIP
NC-100927,C0027,2026-09-30T18:05:30+05:30,paid,INR,IN,2026-09-30T13:27:54Z,FESTIVE15
NC-100401,C0066,2026-09-13T08:32:06+05:30,delivered,INR,IN,2026-09-16T14:01:41Z,FESTIVE15
NC-100478,C0079,2026-09-15T17:21:26+05:30,delivered,INR,IN,2026-09-20T18:42:49Z,FESTIVE15
NC-100499,C0042,2026-09-16T07:09:38+05:30,placed,INR,IN,2026-09-16T01:40:00Z,
NC-100600,C0096,2026-09-19T14:48:39+05:30,placed,INR,IN,2026-09-19T09:18:50Z,FREESHIP
NC-100727,C0026,2026-09-24T01:10:08+05:30,delivered,INR,IN,2026-09-27T08:37:23Z,
NC-100845,C0066,2026-09-27T21:59:43+05:30,placed,INR,IN,2026-09-27T16:29:55Z,
NC-100713,C0035,23/09/2026 07:08,paid,GBP,GB,2026-09-23T07:28:06Z,
NC-100868,C0044,2026-09-28T18:29:31+05:30,placed,EUR,IN,2026-09-28T13:00:10Z,
NC-100631,C0071,2026-09-20T10:11:01Z,paid,USD,US,2026-09-20T12:38:15Z,FESTIVE15
NC-100702,C0109,22/09/2026 21:13,paid,INR,IN,2026-09-22T23:45:08Z,WELCOME10
NC-100645,C0097,2026-09-20T23:29:46Z,placed,INR,IN,2026-09-20T23:30:17Z,
NC-100700,C0127,22/09/2026 19:41,placed,USD,DE,2026-09-22T19:41:31Z,FESTIVE15
NC-100555,C0027,2026-09-18T05:26:47+05:30,paid,INR,IN,2026-09-18T00:30:06Z,FREESHIP
NC-100762,C0117,24/09/2026 22:51,cancelled,SGD,SG,2026-09-25T03:26:15Z,
NC-100863,C0022,28/09/2026 10:23,shipped,USD,US,2026-09-29T23:30:39Z,WELCOME10
NC-100655,C0058,21/09/2026 05:54,placed,USD,US,2026-09-21T05:54:03Z,FESTIVE15
NC-100937,C0003,2026-09-30T21:54:22+05:30,placed,INR,IN,2026-09-30T16:24:39Z,FREESHIP
NC-100673,C0058,21/09/2026 21:17,delivered,USD,US,2026-09-28T00:57:10Z,
NC-100573,C0019,2026-09-18T16:19:59Z,paid,USD,US,2026-09-18T18:39:03Z,FREESHIP
NC-100785,C0067,25/09/2026 19:14,placed,GBP,GB,2026-09-25T19:14:27Z,WELCOME10
NC-100689,C0058,22/09/2026 10:29,delivered,USD,US,2026-09-27T20:54:04Z,
NC-100793,C0111,2026-09-25T23:15:24Z,cancelled,USD,US,2026-09-27T18:50:35Z,
NC-100697,C0058,22/09/2026 16:44,delivered,USD,US,2026-09-27T19:30:32Z,
NC-100570,C0027,2026-09-18T21:43:07+05:30,placed,INR,IN,2026-09-18T16:13:47Z,FESTIVE15
NC-100524,C0117,2026-09-17T03:24:22+05:30,shipped,SGD,SG,2026-09-17T13:03:44Z,FESTIVE15
NC-100933,C0091,2026-09-30T13:59:49Z,placed,GBP,GB,2026-09-30T14:00:06Z,FESTIVE15
NC-100679,C0098,2026-09-22T07:10:46+05:30,cancelled,INR,IN,2026-09-23T01:40:00Z,
NC-100792,C0079,2026-09-26T04:31:35+05:30,paid,inr,IN,2026-09-25T23:23:55Z,FREESHIP
NC-100536,C0113,2026-09-17T09:58:00Z,shipped,INR,IN,2026-09-19T10:14:37Z,
NC-100550,C0020,2026-09-17T22:23:21Z,shipped,INR,IN,2026-09-18T06:31:39Z,FREESHIP
NC-100507,C0066,2026-09-16T14:27:12+05:30,shipped,INR,IN,2026-09-17T17:44:35Z,
NC-100598,C0098,2026-09-19T12:00:11+05:30,shipped,,IN,2026-09-20T23:21:29Z,
NC-100659,C0079,21/09/2026 08:53,placed,INR,IN,2026-09-21T08:53:13Z,VIP20
NC-100635,C0074,2026-09-20T13:04:31Z,cancelled,INR,IN,2026-09-21T12:05:01Z,
NC-100777,C0117,25/09/2026 12:16,shipped,EUR,DE,2026-09-27T03:32:29Z,
NC-100886,C0059,2026-09-29T00:42:45Z,paid,GBP,GB,2026-09-29T03:22:57Z,FREESHIP
NC-100584,C0067,2026-09-19T04:21:04+05:30,placed,GBP,GB,2026-09-18T22:51:20Z,WELCOME10
NC-100866,C0003,2026-09-28T12:25:58Z,paid,INR,IN,2026-09-28T15:25:23Z,FESTIVE15
NC-100483,C0027,2026-09-15T14:16:25Z,shipped,EUR,DE,2026-09-16T02:34:28Z,
NC-100772,C0020,25/09/2026 09:11,placed,EUR,DE,2026-09-25T09:11:27Z,FESTIVE15
NC-100527,C0059,2026-09-17T02:11:06Z,placed,GBP,GB,2026-09-17T02:11:26Z,WELCOME10
NC-100563,C0009,2026-09-18T06:45:13Z,shipped,EUR,DE,2026-09-20T12:40:35Z,
NC-100588,C0104,2026-09-19T06:49:27+05:30,paid,INR,IN,2026-09-19T02:03:51Z,FESTIVE15
NC-100906,C0020,2026-09-29T17:43:45Z,paid,EUR,DE,2026-09-29T18:35:15Z,FESTIVE15
NC-100725,C0007,2026-09-23T23:02:07+05:30,placed,inr,IN,2026-09-23T17:32:26Z,FREESHIP
NC-100567,C0024,18/09/2026 14:37,shipped,,IN,2026-09-20T05:24:37Z,VIP20
NC-100466,C0035,2026-09-15T04:51:37Z,cancelled,GBP,IN,2026-09-17T00:06:14Z,VIP20
NC-100576,C0091,2026-09-18T17:06:42Z,delivered,GBP,GB,2026-09-24T16:21:55Z,VIP20
NC-100582,C0044,2026-09-19T02:41:10+05:30,placed,SGD,SG,2026-09-18T21:11:40Z,WELCOME10
NC-100629,C0012,2026-09-20T09:49:03Z,delivered,SGD,SG,2026-09-25T05:48:41Z,
NC-100144,C0079,2026-09-05T05:18:11Z,paid,EUR,DE,2026-09-05T06:19:39Z,WELCOME10
NC-100901,C0055,2026-09-29T11:01:08Z,shipped,GBP,GB,2026-09-30T18:26:37Z,WELCOME10
NC-100900,C0048,29/09/2026 10:18,placed,USD,US,2026-09-29T10:18:04Z,WELCOME10
NC-100608,C0024,2026-09-19T14:52:56Z,placed,,IN,2026-09-19T14:53:01Z,
NC-100670,C0072,2026-09-21T18:46:11Z,delivered,GBP,GB,2026-09-27T04:24:40Z,
NC-100910,C0105,2026-09-29T18:18:36Z,shipped,GBP,GB,2026-09-30T06:23:53Z,FESTIVE15
NC-100714,C0029,2026-09-23T13:33:46+05:30,paid,INR,IN,2026-09-23T10:12:13Z,WELCOME10
NC-100585,C0119,2026-09-19T04:34:59+05:30,placed,INR,IN,2026-09-18T23:05:26Z,
NC-100577,C0028,18/09/2026 17:35,delivered,USD,US,2026-09-23T01:20:15Z,FREESHIP
NC-100722,C0108,2026-09-23T11:57:52Z,placed,GBP,GB,2026-09-23T11:58:15Z,
NC-100666,C0020,2026-09-21T20:10:40+05:30,delivered,,IN,2026-09-28T05:16:01Z,
NC-100675,C0115,2026-09-22T05:17:49+05:30,paid,INR,IN,2026-09-22T01:29:20Z,FESTIVE15
NC-100890,C0003,2026-09-29T02:38:36Z,placed,INR,IN,2026-09-29T02:38:51Z,WELCOME10
NC-100830,C0044,2026-09-27T05:06:15Z,shipped,SGD,SG,2026-09-27T15:18:29Z,FREESHIP
NC-100465,C0027,2026-09-15T10:20:57+05:30,shipped,INR,IN,2026-09-16T22:14:32Z,VIP20
NC-100487,C0047,2026-09-15T21:13:56Z,placed,EUR,DE,2026-09-15T21:14:07Z,VIP20
NC-100493,C0027,15/09/2026 21:55,placed,,IN,2026-09-15T21:55:07Z,
NC-100470,C0091,2026-09-15T19:29:11Z,placed,GBP,GB,2026-09-15T19:29:42Z,FREESHIP
NC-100474,C0120,2026-09-16T04:28:52+05:30,placed,INR,IN,2026-09-15T22:59:03Z,
NC-100492,C0035,2026-09-16T02:15:53+05:30,placed,INR,IN,2026-09-15T20:46:19Z,
NC-100484,C0079,2026-09-16T02:10:36+05:30,placed,INR,IN,2026-09-15T20:40:39Z,FESTIVE15
NC-100494,C0121,2026-09-15T23:08:05Z,placed,EUR,DE,2026-09-15T23:08:27Z,WELCOME10
NC-100471,C0012,2026-09-16T01:00:42+05:30,placed,INR,IN,2026-09-15T19:31:02Z,VIP20
NC-100490,C0058,2026-09-15T19:59:04Z,placed,USD,US,2026-09-15T19:59:30Z,VIP20
NC-100495,C0039,2026-09-15T23:26:23Z,placed,GBP,GB,2026-09-15T23:26:52Z,FESTIVE15
NC-100488,C0035,2026-09-16T02:29:13+05:30,placed,INR,IN,2026-09-15T20:59:49Z,VIP20
NC-100491,C0100,15/09/2026 20:24,placed,EUR,DE,2026-09-15T20:24:16Z,
